Stock,URL
APLAB,https://www.bseindia.com/stock-share-price/APLAB-LTD.-$/APLAB/517096
PCS,https://www.bseindia.com/stock-share-price/PCS-TECHNOLOGY-LTD./PCS/517119
USHAMART,https://www.bseindia.com/stock-share-price/USHA-MARTIN-LTD./USHAMART/517146
SPELS,https://www.bseindia.com/stock-share-price/SPEL-SEMICONDUCTOR-LTD./SPELS/517166
SUBROS,https://www.bseindia.com/stock-share-price/SUBROS-LTD./SUBROS/517168
KLKELEC,https://www.bseindia.com/stock-share-price/KLK-Electrical-Ltd/KLKELEC/517170
PERVASIVE,https://www.bseindia.com/stock-share-price/Pervasive-Commodities-Ltd/PERVASIVE/517172
HONAUT,https://www.bseindia.com/stock-share-price/HONEYWELL-AUTOMATION-INDIA-LTD./HONAUT/517174
SWITCHTE,https://www.bseindia.com/stock-share-price/SWITCHING-TECHNOLOGIES-GUNTHER-LTD./SWITCHTE/517201
LUMAXIND,https://www.bseindia.com/stock-share-price/LUMAX-INDUSTRIES-LTD./LUMAXIND/517206
DIGISPICE,https://www.bseindia.com/stock-share-price/Digispice-Technologies-Ltd-$/DIGISPICE/517214
PAEL,https://www.bseindia.com/stock-share-price/PAE-LTD./PAEL/517230
CALCOM,https://www.bseindia.com/stock-share-price/CALCOM-VISION-LTD./CALCOM/517236
DYNAVSN,https://www.bseindia.com/stock-share-price/DYNAVISION-LTD./DYNAVSN/517238
BCCFUBA,https://www.bseindia.com/stock-share-price/BCC-FUBA-INDIA-LTD./BCCFUBA/517246
PRECISIO,https://www.bseindia.com/stock-share-price/PRECISION-ELECTRONICS-LTD./PRECISIO/517258
FINELINE,https://www.bseindia.com/stock-share-price/FINE-LINE-CIRCUITS-LTD./FINELINE/517264
HBLPOWER,https://www.bseindia.com/stock-share-price/HBL-POWER-SYSTEMS-LTD.-$/HBLPOWER/517271
S&SPOWER,https://www.bseindia.com/stock-share-price/S&S-POWER-SWITCHGEAR-LTD./S&SPOWER/517273
GUJARATPOLY,https://www.bseindia.com/stock-share-price/Gujarat-Poly-Electronics-Ltd/GUJARATPOLY/517288
GIPCL,https://www.bseindia.com/stock-share-price/GUJARAT-INDUSTRIES-POWER-CO.LTD./GIPCL/517300
CMI,https://www.bseindia.com/stock-share-price/CMI-LTD./CMI/517330
MOTHERSON,https://www.bseindia.com/stock-share-price/Samvardhana-Motherson-International-Ltd/MOTHERSON/517334
MINDTECK*,https://www.bseindia.com/stock-share-price/MINDTECK-(INDIA)-LTD./MINDTECK*/517344
HAVELLS,https://www.bseindia.com/stock-share-price/HAVELLS-INDIA-LTD./HAVELLS/517354
ACIIN,https://www.bseindia.com/stock-share-price/ACI-INFOCOM-LTD./ACIIN/517356
SBECSYS,https://www.bseindia.com/stock-share-price/SBEC-SYSTEMS-(INDIA)-LTD./SBECSYS/517360
INCAP,https://www.bseindia.com/stock-share-price/INCAP-LTD./INCAP/517370
GUJINTRX,https://www.bseindia.com/stock-share-price/GUJARAT-INTRUX-LTD.-$/GUJINTRX/517372
IGARASHI,https://www.bseindia.com/stock-share-price/IGARASHI-MOTORS-INDIA-LTD./IGARASHI/517380
SYMPHONY,https://www.bseindia.com/stock-share-price/Symphony-Limited/SYMPHONY/517385
PANELEC,https://www.bseindia.com/stock-share-price/PAN-ELECTRONICS-INDIA-LTD./PANELEC/517397
VXLINSTR,https://www.bseindia.com/stock-share-price/VXL-INSTRUMENTS-LTD./VXLINSTR/517399
SHYAMTEL,https://www.bseindia.com/stock-share-price/SHYAM-TELECOM-LTD./SHYAMTEL/517411
LEENEE,https://www.bseindia.com/stock-share-price/LEE-&-NEE-SOFTWARES-(EXPORTS)-LTD./LEENEE/517415
PATELSAI,https://www.bseindia.com/stock-share-price/PATELS-AIRTEMP-(INDIA)-LTD./PATELSAI/517417
BUTTERFLY,https://www.bseindia.com/stock-share-price/Butterfly-Gandhimathi-Appliances-Ltd/BUTTERFLY/517421
INTEGSW,https://www.bseindia.com/stock-share-price/INTEGRA-SWITCHGEAR-LTD./INTEGSW/517423
ATHENAGLO,https://www.bseindia.com/stock-share-price/Athena-Global-Technologies-Ltd-$/ATHENAGLO/517429
NARMP,https://www.bseindia.com/stock-share-price/NARMADA-MACPLAST-DRIP-IRRIGATION-SYSTEMS-LTD./NARMP/517431
DUTRON,https://www.bseindia.com/stock-share-price/DUTRON-POLYMERS-LTD.-$/DUTRON/517437
RSSOFTWARE,https://www.bseindia.com/stock-share-price/R.S.SOFTWARE-INDIA-LTD./RSSOFTWARE/517447
MAGNAELQ,https://www.bseindia.com/stock-share-price/MAGNA-ELECTRO-CASTINGS-LTD.-$/MAGNAELQ/517449
MARSONS,https://www.bseindia.com/stock-share-price/MARSONS-LIMITED/MARSONS/517467
ELNET,https://www.bseindia.com/stock-share-price/ELNET-TECHNOLOGIES-LTD.-$/ELNET/517477
ACCEL,https://www.bseindia.com/stock-share-price/Accel-Ltd/ACCEL/517494
WEBELSOLAR,https://www.bseindia.com/stock-share-price/WEBSOL-ENERGY-SYSTEM-LTD./WEBELSOLAR/517498
ROTO,https://www.bseindia.com/stock-share-price/ROTO-PUMPS-LTD./ROTO/517500
TTKPRESTIG,https://www.bseindia.com/stock-share-price/TTK-PRESTIGE-LTD./TTKPRESTIG/517506
DHINDIA,https://www.bseindia.com/stock-share-price/D&H-India-Ltd-$/DHINDIA/517514
RAJGLOWIR,https://www.bseindia.com/stock-share-price/RAJRATAN-GLOBAL-WIRE-LTD./RAJGLOWIR/517522
SURANAT&P,https://www.bseindia.com/stock-share-price/Surana-Telecom-And-Power-Limited/SURANAT&P/517530
ONWARDTEC,https://www.bseindia.com/stock-share-price/ONWARD-TECHNOLOGIES-LTD./ONWARDTEC/517536
CENTUM,https://www.bseindia.com/stock-share-price/CENTUM-ELECTRONICS-LTD./CENTUM/517544
ALFATRAN,https://www.bseindia.com/stock-share-price/ALFA-TRANSFORMERS-LTD./ALFATRAN/517546
NHCFOODS,https://www.bseindia.com/stock-share-price/NHC-FOODS-LTD./NHCFOODS/517554
PVP,https://www.bseindia.com/stock-share-price/PVP-VENTURES-LTD./PVP/517556
TRIGYN,https://www.bseindia.com/stock-share-price/TRIGYN-TECHNOLOGIES-LTD./TRIGYN/517562
KEI,https://www.bseindia.com/stock-share-price/KEI-INDUSTRIES-LTD./KEI/517569
INDLMETER,https://www.bseindia.com/stock-share-price/IMP-POWERS-LTD./INDLMETER/517571
KEERTHI,https://www.bseindia.com/stock-share-price/KEERTHI-INDUSTRIES-LTD./KEERTHI/518011
BHEEMACEM,https://www.bseindia.com/stock-share-price/BHEEMA-CEMENTS-LTD./BHEEMACEM/518017
GSCLCEMENT,https://www.bseindia.com/stock-share-price/GUJARAT-SIDHEE-CEMENT-LTD./GSCLCEMENT/518029
SURAJ,https://www.bseindia.com/stock-share-price/SURAJ-PRODUCTS-LTD./SURAJ/518075
APCL,https://www.bseindia.com/stock-share-price/ANJANI-PORTLAND-CEMENT-LTD.-$/APCL/518091
MODINATUR,https://www.bseindia.com/stock-share-price/Modi-Naturals-Limited/MODINATUR/519003
PRSNTIN,https://www.bseindia.com/stock-share-price/PRASHANT-INDIA-LTD./PRSNTIN/519014
SHAHFOOD,https://www.bseindia.com/stock-share-price/SHAH-FOODS-LTD./SHAHFOOD/519031
ZKHANDEN,https://www.bseindia.com/stock-share-price/KHANDELWAL-EXTRACTION-LTD./ZKHANDEN/519064
TASTYBIT,https://www.bseindia.com/stock-share-price/TASTY-BITE-EATABLES-LTD./TASTYBIT/519091
RITESHIN,https://www.bseindia.com/stock-share-price/RITESH-INTERNATIONAL-LTD./RITESHIN/519097
AVTNPL,https://www.bseindia.com/stock-share-price/AVT-NATURAL-PRODUCTS-LTD./AVTNPL/519105
HNDFDS,https://www.bseindia.com/stock-share-price/HINDUSTAN-FOODS-LTD./HNDFDS/519126
NAHARINDUS,https://www.bseindia.com/stock-share-price/NAHAR-INDUSTRIAL-ENTERPRISES-LTD.-$/NAHARINDUS/519136
VADILENT,https://www.bseindia.com/stock-share-price/VADILAL-ENTERPRISES-LTD./VADILENT/519152
VADILALIND,https://www.bseindia.com/stock-share-price/VADILAL-INDUSTRIES-LTD.-$/VADILALIND/519156
ASHAI,https://www.bseindia.com/stock-share-price/ASHIANA-AGRO-INDUSTRIES-LTD./ASHAI/519174
ADFFOODS,https://www.bseindia.com/stock-share-price/ADF-FOODS-LTD.-$/ADFFOODS/519183
RGRL,https://www.bseindia.com/stock-share-price/Retro-Green-Revolution-Ltd/RGRL/519191
WILLIMFI,https://www.bseindia.com/stock-share-price/WILLIAMSON-FINANCIAL-SERVICES-LTD./WILLIMFI/519214
AJANTSOY,https://www.bseindia.com/stock-share-price/AJANTA-SOYA-LTD./AJANTSOY/519216
WILLAMAGOR,https://www.bseindia.com/stock-share-price/WILLIAMSON-MAGOR-&-COMPANY-LTD./WILLAMAGOR/519224
RICHIRICH,https://www.bseindia.com/stock-share-price/Richirich-Inventures-Limited/RICHIRICH/519230
SIEL,https://www.bseindia.com/stock-share-price/Superior-Industrial-Enterprises-Limited/SIEL/519234
SPTRSHI,https://www.bseindia.com/stock-share-price/SAPTARISHI-AGRO-INDUSTRIES-LTD./SPTRSHI/519238
SRDAPRT,https://www.bseindia.com/stock-share-price/SARDA-PROTEINS-LTD./SRDAPRT/519242
SANWARIA,https://www.bseindia.com/stock-share-price/Sanwaria-Consumer-Ltd-$/SANWARIA/519260
PRIMAGR,https://www.bseindia.com/stock-share-price/PRIMA-AGRO-LTD./PRIMAGR/519262
MADHURIND,https://www.bseindia.com/stock-share-price/MADHUR-INDUSTRIES-LTD./MADHURIND/519279
TARAI,https://www.bseindia.com/stock-share-price/TARAI-FOODS-LTD./TARAI/519285
MODAIRY,https://www.bseindia.com/stock-share-price/MODERN-DAIRIES-LTD./MODAIRY/519287
BAMBINO,https://www.bseindia.com/stock-share-price/BAMBINO-AGRO-INDUSTRIES-LTD./BAMBINO/519295
PRIMIND,https://www.bseindia.com/stock-share-price/PRIME-INDUSTRIES-LTD./PRIMIND/519299
VIKASWSP,https://www.bseindia.com/stock-share-price/VIKAS-WSP-LTD./VIKASWSP/519307
JATALIA,https://www.bseindia.com/stock-share-price/Jatalia-Global-Ventures-Ltd/JATALIA/519319
VSFPROJ,https://www.bseindia.com/stock-share-price/VSF-PROJECTS-LTD./VSFPROJ/519331
BANSTEA,https://www.bseindia.com/stock-share-price/BANSISONS-TEA-INDUSTRIES-LTD./BANSTEA/519353
POONADAL,https://www.bseindia.com/stock-share-price/POONA-DAL-&-OIL-INDUSTRIES-LTD./POONADAL/519359
TRANSFD,https://www.bseindia.com/stock-share-price/TRANSGLOBE-FOODS-LTD./TRANSFD/519367
ANIKINDS,https://www.bseindia.com/stock-share-price/ANIK-INDUSTRIES-LTD./ANIKINDS/519383
SHINDL,https://www.bseindia.com/stock-share-price/SHARAT-INDUSTRIES-LTD./SHINDL/519397
DATIWARE,https://www.bseindia.com/stock-share-price/Datiware-Maritime-Infra-Ltd/DATIWARE/519413
KMGMILK,https://www.bseindia.com/stock-share-price/KMG-MILK-FOOD-LTD./KMGMILK/519415
KSE,https://www.bseindia.com/stock-share-price/KSE-LTD.-$/KSE/519421
PIONAGR,https://www.bseindia.com/stock-share-price/PIONEER-AGRO-EXTRACTS-LTD./PIONAGR/519439
NARBADA,https://www.bseindia.com/stock-share-price/NARBADA-GEMS-AND-JEWELLERY-LTD./NARBADA/519455
VIRATCRA,https://www.bseindia.com/stock-share-price/VIRAT-CRANE-INDUSTRIES-LTD./VIRATCRA/519457
AMBARPIL,https://www.bseindia.com/stock-share-price/Ambar-Protein-Industries-Ltd/AMBARPIL/519471
CHORDIA,https://www.bseindia.com/stock-share-price/CHORDIA-FOOD-PRODUCTS-LTD./CHORDIA/519475
CIANAGRO,https://www.bseindia.com/stock-share-price/CIAN-Agro-Industries-&-Infrastructure-Ltd/CIANAGRO/519477
TAIIND,https://www.bseindia.com/stock-share-price/TAI-INDUSTRIES-LTD.-$/TAIIND/519483
NKIND,https://www.bseindia.com/stock-share-price/N.K.INDUSTRIES-LTD./NKIND/519494
BKV,https://www.bseindia.com/stock-share-price/BKV-INDUSTRIES-LTD./BKV/519500
NCCBLUE,https://www.bseindia.com/stock-share-price/NCC-BLUE-WATER-PRODUCTS-LTD./NCCBLUE/519506
ASIANTNE,https://www.bseindia.com/stock-share-price/ASIAN-TEA-&-EXPORTS-LTD.-$/ASIANTNE/519532
HERITGFOOD,https://www.bseindia.com/stock-share-price/Heritage-Foods-Limited/HERITGFOOD/519552
SIMRAN,https://www.bseindia.com/stock-share-price/SIMRAN-FARMS-LTD./SIMRAN/519566
DFM,https://www.bseindia.com/stock-share-price/DFM-FOODS-LTD./DFM/519588
CCL,https://www.bseindia.com/stock-share-price/CCL-PRODUCTS-(INDIA)-LTD./CCL/519600
KELLTONTEC,https://www.bseindia.com/stock-share-price/Kellton-Tech-Solutions-Ltd./KELLTONTEC/519602
SURFI,https://www.bseindia.com/stock-share-price/SURYO-FOODS-&-INDUSTRIES-LTD./SURFI/519604
INTEGFD,https://www.bseindia.com/stock-share-price/INTEGRATED-PROTEINS-LTD./INTEGFD/519606
MAHAANF,https://www.bseindia.com/stock-share-price/MAHAAN-FOODS-LTD./MAHAANF/519612
RICOAUTO,https://www.bseindia.com/stock-share-price/RICO-AUTO-INDUSTRIES-LTD./RICOAUTO/520008
OMAXAUTO,https://www.bseindia.com/stock-share-price/OMAX-AUTOS-LTD./OMAXAUTO/520021
MUNJALSHOW,https://www.bseindia.com/stock-share-price/MUNJAL-SHOWA-LTD./MUNJALSHOW/520043
JAMNAAUTO,https://www.bseindia.com/stock-share-price/JAMNA-AUTO-INDUSTRIES-LTD./JAMNAAUTO/520051
SUNCLAYLTD,https://www.bseindia.com/stock-share-price/SUNDARAM-CLAYTON-LTD./SUNCLAYLTD/520056
JTEKTINDIA,https://www.bseindia.com/stock-share-price/Jtekt-India-Ltd/JTEKTINDIA/520057
MUNJALAU,https://www.bseindia.com/stock-share-price/MUNJAL-AUTO-INDUSTRIES-LTD./MUNJALAU/520059
JAYBARMARU,https://www.bseindia.com/stock-share-price/JAY-BHARAT-MARUTI-LTD./JAYBARMARU/520066
RACLGEAR,https://www.bseindia.com/stock-share-price/RACL-Geartech-Ltd/RACLGEAR/520073
SAMKRG,https://www.bseindia.com/stock-share-price/SAMKRG-PISTONS-&-RINGS-LTD.-$/SAMKRG/520075
ECSTSTL,https://www.bseindia.com/stock-share-price/EAST-COAST-STEEL-LTD./ECSTSTL/520081
RATNAMANI,https://www.bseindia.com/stock-share-price/RATNAMANI-METALS-&-TUBES-LTD.-$/RATNAMANI/520111
VESUVIUS,https://www.bseindia.com/stock-share-price/VESUVIUS-INDIA-LTD./VESUVIUS/520113
ASAL,https://www.bseindia.com/stock-share-price/AUTOMOTIVE-STAMPINGS-&-ASSEMBLIES-LTD./ASAL/520119
ARCEEIN,https://www.bseindia.com/stock-share-price/ARCEE-INDUSTRIES-LTD./ARCEEIN/520121
ABCINDQ,https://www.bseindia.com/stock-share-price/ABC-INDIA-LTD.-$/ABCINDQ/520123
BALTE,https://www.bseindia.com/stock-share-price/BALURGHAT-TECHNOLOGIES-LTD./BALTE/520127
COARO,https://www.bseindia.com/stock-share-price/COASTAL-ROADWAYS-LTD./COARO/520131
SIBARAUT,https://www.bseindia.com/stock-share-price/SIBAR-AUTO-PARTS-LTD./SIBARAUT/520141
SHREYAS,https://www.bseindia.com/stock-share-price/SHREYAS-SHIPPING-&-LOGISTICS-LTD./SHREYAS/520151
STARLOG,https://www.bseindia.com/stock-share-price/Starlog-Enterprises-Ltd/STARLOG/520155
SHVSUIT,https://www.bseindia.com/stock-share-price/SHIVA-SUITINGS-LTD./SHVSUIT/521003
TITANIN,https://www.bseindia.com/stock-share-price/Titan-Intech-Ltd/TITANIN/521005
EUROTEXIND,https://www.bseindia.com/stock-share-price/EUROTEX-INDUSTRIES-&-EXPORTS-LTD./EUROTEXIND/521014
ICIL,https://www.bseindia.com/stock-share-price/INDO-COUNT-INDUSTRIES-LTD./ICIL/521016
MARALOVER,https://www.bseindia.com/stock-share-price/MARAL-OVERSEAS-LTD./MARALOVER/521018
SOMATEX,https://www.bseindia.com/stock-share-price/SOMA-TEXTILES-&-INDUSTRIES-LTD./SOMATEX/521034
ADVLIFE,https://www.bseindia.com/stock-share-price/ADVANCE-LIFESTYLES-LTD./ADVLIFE/521048
KAKTEX,https://www.bseindia.com/stock-share-price/KAKATIYA-TEXTILES-LTD./KAKTEX/521054
OCTAVE,https://www.bseindia.com/stock-share-price/Perfect-Octave-Media-Projects-Ltd/OCTAVE/521062
TRIDENT,https://www.bseindia.com/stock-share-price/TRIDENT-LTD./TRIDENT/521064
HISARSP,https://www.bseindia.com/stock-share-price/HISAR-SPINNING-MILLS-LTD./HISARSP/521068
ALOKTEXT,https://www.bseindia.com/stock-share-price/ALOK-INDUSTRIES-LTD./ALOKTEXT/521070
PASARI,https://www.bseindia.com/stock-share-price/PASARI-SPINNING-MILLS-LTD./PASARI/521080
AMARJOTHI,https://www.bseindia.com/stock-share-price/AMARJOTHI-SPINNING-MILLS-LTD./AMARJOTHI/521097
OLYMPTX,https://www.bseindia.com/stock-share-price/OLYMPIA-INDUSTRIES-LTD./OLYMPTX/521105
NAGREEKEXP,https://www.bseindia.com/stock-share-price/NAGREEKA-EXPORTS-LTD.-$/NAGREEKEXP/521109
SUDTIND-B,https://www.bseindia.com/stock-share-price/SUDITI-INDUSTRIES-LTD./SUDTIND-B/521113
SBFL,https://www.bseindia.com/stock-share-price/Shree-Bhavya-Fabrics-Ltd/SBFL/521131
GEMSPIN,https://www.bseindia.com/stock-share-price/GEM-SPINNERS-INDIA-LTD./GEMSPIN/521133
EUREKAI,https://www.bseindia.com/stock-share-price/EUREKA-INDUSTRIES-LTD./EUREKAI/521137
ADITYASP,https://www.bseindia.com/stock-share-price/ADITYA-SPINNERS-LTD./ADITYASP/521141
PRIMEURB,https://www.bseindia.com/stock-share-price/PRIME-URBAN-DEVELOPMENT-INDIA-LTD./PRIMEURB/521149
DHANFAB,https://www.bseindia.com/stock-share-price/DHANLAXMI-FABRICS-LTD./DHANFAB/521151
SLSTLQ,https://www.bseindia.com/stock-share-price/SRI-LAKSHMI-SARASWATHI-TEXTILES-(ARNI)-LTD.-$/SLSTLQ/521161
ZODIACLOTH,https://www.bseindia.com/stock-share-price/ZODIAC-CLOTHING-CO.LTD./ZODIACLOTH/521163
SRMCL,https://www.bseindia.com/stock-share-price/SRI-RAMAKRISHNA-MILLS-(COIMBATORE)-LTD.-$/SRMCL/521178
SUPERSPIN,https://www.bseindia.com/stock-share-price/SUPER-SPINNING-MILLS-LTD./SUPERSPIN/521180
UNITEDTE,https://www.bseindia.com/stock-share-price/UNITED-TEXTILES-LTD./UNITEDTE/521188
SILINV,https://www.bseindia.com/stock-share-price/SIL-INVESTMENTS-LTD./SILINV/521194
SURYALAXMI,https://www.bseindia.com/stock-share-price/SURYALAKSHMI-COTTON-MILLS-LTD./SURYALAXMI/521200
SAMTEX,https://www.bseindia.com/stock-share-price/SAMTEX-FASHIONS-LTD.-$/SAMTEX/521206
DHANROTO,https://www.bseindia.com/stock-share-price/DHANALAXMI-ROTO-SPINNERS-LTD./DHANROTO/521216
DAMOINDUS,https://www.bseindia.com/stock-share-price/DAMODAR-INDUSTRIES-LTD.-$/DAMOINDUS/521220
SANBLUE,https://www.bseindia.com/stock-share-price/SANBLUE-CORPORATION-LTD./SANBLUE/521222
UNIROYAL,https://www.bseindia.com/stock-share-price/UNIROYAL-INDUSTRIES-LTD./UNIROYAL/521226
TATIAGLOB,https://www.bseindia.com/stock-share-price/TATIA-GLOBAL-VENNTURE-LTD./TATIAGLOB/521228
SUNILTX,https://www.bseindia.com/stock-share-price/SUNIL-INDUSTRIES-LTD./SUNILTX/521232
SRINACHA,https://www.bseindia.com/stock-share-price/SRI-NACHAMMAI-COTTON-MILLS-LTD.-$/SRINACHA/521234
SAMBANDAM,https://www.bseindia.com/stock-share-price/SAMBANDAM-SPINNING-MILLS-LTD.-$/SAMBANDAM/521240
KANDAGIRI,https://www.bseindia.com/stock-share-price/KANDAGIRI-SPINNING-MILLS-LTD.-$/KANDAGIRI/521242
KITEX,https://www.bseindia.com/stock-share-price/KITEX-GARMENTS-LTD./KITEX/521248
CRANEX,https://www.bseindia.com/stock-share-price/CRANEX-LTD./CRANEX/522001
BATLIBOI,https://www.bseindia.com/stock-share-price/BATLIBOI-LTD.-$/BATLIBOI/522004
AUSTENG,https://www.bseindia.com/stock-share-price/AUSTIN-ENGINEERING-CO.LTD./AUSTENG/522005
UNIDT,https://www.bseindia.com/stock-share-price/UNITED-DRILLING-TOOLS-LTD./UNIDT/522014
FLUIDOM,https://www.bseindia.com/stock-share-price/FLUIDOMAT-LTD./FLUIDOM/522017
EMAINDIA,https://www.bseindia.com/stock-share-price/EMA-INDIA-LTD./EMAINDIA/522027
WINDMACHIN,https://www.bseindia.com/stock-share-price/WINDSOR-MACHINES-LTD./WINDMACHIN/522029
SHANTIGEAR,https://www.bseindia.com/stock-share-price/SHANTHI-GEARS-LTD./SHANTIGEAR/522034
MIVENMACH,https://www.bseindia.com/stock-share-price/MIVEN-MACHINE-TOOLS-LTD./MIVENMACH/522036
HONDAPOWER,https://www.bseindia.com/stock-share-price/Honda-India-Power-Products-Ltd/HONDAPOWER/522064
HITECHGEAR,https://www.bseindia.com/stock-share-price/The-Hi-Tech-Gears-Ltd/HITECHGEAR/522073
ELGIEQUIP,https://www.bseindia.com/stock-share-price/ELGI-EQUIPMENTS-LTD./ELGIEQUIP/522074
UVDRHOR,https://www.bseindia.com/stock-share-price/UNITED-VAN-DER-HORST-LTD./UVDRHOR/522091
KLBRENG-B,https://www.bseindia.com/stock-share-price/KILBURN-ENGINEERING-LTD./KLBRENG-B/522101
BIRLAPREC,https://www.bseindia.com/stock-share-price/BIRLA-PRECISION-TECHNOLOGIES-LTD./BIRLAPREC/522105
YUKEN,https://www.bseindia.com/stock-share-price/YUKEN-INDIA-LTD.-$/YUKEN/522108
TIMKEN,https://www.bseindia.com/stock-share-price/TIMKEN-INDIA-LTD./TIMKEN/522113
VOITHPAPR,https://www.bseindia.com/stock-share-price/VOITH-PAPER-FABRICS-INDIA-LTD.-$/VOITHPAPR/522122
ARTSONEN,https://www.bseindia.com/stock-share-price/ARTSON-ENGINEERING-LTD./ARTSONEN/522134
SOLIMAC,https://www.bseindia.com/stock-share-price/SOLITAIRE-MACHINE-TOOLS-LTD./SOLIMAC/522152
INDSILHYD,https://www.bseindia.com/stock-share-price/INDSIL-HYDRO-POWER-AND-MANGANESE-LTD.-$/INDSILHYD/522165
TMTIND-B1,https://www.bseindia.com/stock-share-price/TMT-(INDIA)-LTD./TMTIND-B1/522171
ITL,https://www.bseindia.com/stock-share-price/ITL-INDUSTRIES-LTD.-$/ITL/522183
FRONTSP,https://www.bseindia.com/stock-share-price/FRONTIER-SPRINGS-LTD./FRONTSP/522195
PRAJIND,https://www.bseindia.com/stock-share-price/PRAJ-INDUSTRIES-LTD./PRAJIND/522205
RASANDIK,https://www.bseindia.com/stock-share-price/RASANDIK-ENGINEERING-INDUSTRIES-INDIA-LTD.-$/RASANDIK/522207
YOGISUNG,https://www.bseindia.com/stock-share-price/YOGI-SUNG-WON-(INDIA)-LTD./YOGISUNG/522209
HLEGLAS,https://www.bseindia.com/stock-share-price/HLE-Glascoat-Ltd/HLEGLAS/522215
GUJAPOLLO,https://www.bseindia.com/stock-share-price/GUJARAT-APOLLO-INDUSTRIES-LTD./GUJAPOLLO/522217
TANAA,https://www.bseindia.com/stock-share-price/TANEJA-AEROSPACE-&-AVIATION-LTD.-$/TANAA/522229
CONART,https://www.bseindia.com/stock-share-price/CONART-ENGINEERS-LTD.-$/CONART/522231
SHIVAGR,https://www.bseindia.com/stock-share-price/SHIVAGRICO-IMPLEMENTS-LTD./SHIVAGR/522237
MMFL,https://www.bseindia.com/stock-share-price/M.M.FORGINGS-LTD.-$/MMFL/522241
IYKOTHITE,https://www.bseindia.com/stock-share-price/IYKOT-HITECH-TOOLROOM-LTD./IYKOTHITE/522245
MAYURUNIQ,https://www.bseindia.com/stock-share-price/MAYUR-UNIQUOTERS-LTD.-$/MAYURUNIQ/522249
CENLUB,https://www.bseindia.com/stock-share-price/CENLUB-INDUSTRIES-LTD./CENLUB/522251
RAJOOENG,https://www.bseindia.com/stock-share-price/RAJOO-ENGINEERS-LTD.-$/RAJOOENG/522257
JMCPROJECT,https://www.bseindia.com/stock-share-price/JMC-PROJECTS-(INDIA)-LTD.-$/JMCPROJECT/522263
VJLAXMIE,https://www.bseindia.com/stock-share-price/VEEJAY-LAKSHMI-ENGINEERING-WORKS-LTD.-$/VJLAXMIE/522267
AHMDSTE,https://www.bseindia.com/stock-share-price/AHMEDABAD-STEELCRAFT-LTD./AHMDSTE/522273
GET&D,https://www.bseindia.com/stock-share-price/GE-T&D-India-Ltd/GET&D/522275
RAMRAT,https://www.bseindia.com/stock-share-price/RAM-RATNA-WIRES-LTD.-$/RAMRAT/522281
JAYNECOIND,https://www.bseindia.com/stock-share-price/JAYASWAL-NECO-INDUSTRIES-LTD./JAYNECOIND/522285
KALPATPOWR,https://www.bseindia.com/stock-share-price/KALPATARU-POWER-TRANSMISSION-LTD./KALPATPOWR/522287
NMSRESRC,https://www.bseindia.com/stock-share-price/NMS-Resources-Global-Ltd/NMSRESRC/522289
CANDOUR,https://www.bseindia.com/stock-share-price/Candour-Techtex-Ltd/CANDOUR/522292
TIGLOB,https://www.bseindia.com/stock-share-price/T-&-I-GLOBAL-LTD./TIGLOB/522294
CONTROLPR,https://www.bseindia.com/stock-share-price/CONTROL-PRINT-LTD.-$/CONTROLPR/522295
BEMHY,https://www.bseindia.com/stock-share-price/BEMCO-HYDRAULICS-LTD./BEMHY/522650
ANSALBU,https://www.bseindia.com/stock-share-price/ANSAL-BUILDWELL-LTD.-$/ANSALBU/523007
WEIZMANIND,https://www.bseindia.com/stock-share-price/WEIZMANN-LTD./WEIZMANIND/523011
BNRSEC,https://www.bseindia.com/stock-share-price/B.N.RATHI-SECURITIES-LTD./BNRSEC/523019
RISHITECH,https://www.bseindia.com/stock-share-price/RISHI-TECHTEX-LTD./RISHITECH/523021
SINCLAIR,https://www.bseindia.com/stock-share-price/SINCLAIRS-HOTELS-LTD.-$/SINCLAIR/523023
SAFARIND,https://www.bseindia.com/stock-share-price/SAFARI-INDUSTRIES-(INDIA)-LTD./SAFARIND/523025
ZBINTXPP,https://www.bseindia.com/stock-share-price/BINAYAK-TEX-PROCESSORS-LTD./ZBINTXPP/523054
JJFINCOR,https://www.bseindia.com/stock-share-price/J.J.FINANCE-CORPORATION-LTD./JJFINCOR/523062
COSMOFE,https://www.bseindia.com/stock-share-price/COSMO-FERRITES-LTD.-$/COSMOFE/523100
ZPPOLYSA,https://www.bseindia.com/stock-share-price/PLANTER-POLYSACKS-LTD./ZPPOLYSA/523105
FUTURSEC,https://www.bseindia.com/stock-share-price/FUTURISTIC-SECURITIES-LTD./FUTURSEC/523113
SANCTRN,https://www.bseindia.com/stock-share-price/SANCO-TRANS-LTD./SANCTRN/523116
ADORMUL,https://www.bseindia.com/stock-share-price/ADOR-MULTIPRODUCTS-LTD./ADORMUL/523120
EIHAHOTELS,https://www.bseindia.com/stock-share-price/EIH-ASSOCIATED-HOTELS-LTD.-$/EIHAHOTELS/523127
MEDICAPQ,https://www.bseindia.com/stock-share-price/MEDI-CAPS-LTD.-$/MEDICAPQ/523144
OTCO,https://www.bseindia.com/stock-share-price/OTCO-INTERNATIONAL-LTD./OTCO/523151
MORGANITE,https://www.bseindia.com/stock-share-price/MORGANITE-CRUCIBLE-(INDIA)-LTD./MORGANITE/523160
SIPIND,https://www.bseindia.com/stock-share-price/SIP-INDUSTRIES-LTD./SIPIND/523164
BAPACK,https://www.bseindia.com/stock-share-price/B&A-Packaging-India-Limited/BAPACK/523186
ABAN,https://www.bseindia.com/stock-share-price/ABAN-OFFSHORE-LTD./ABAN/523204
KOKUYOCMLN,https://www.bseindia.com/stock-share-price/KOKUYO-CAMLIN-LTD.-$/KOKUYOCMLN/523207
SRMENERGY,https://www.bseindia.com/stock-share-price/SRM-ENERGY-LTD./SRMENERGY/523222
BHARATSE,https://www.bseindia.com/stock-share-price/BHARAT-SEATS-LTD.-$/BHARATSE/523229
CONTPTR,https://www.bseindia.com/stock-share-price/CONTINENTAL-PETROLEUMS-LTD./CONTPTR/523232
NBFOOT,https://www.bseindia.com/stock-share-price/NB-FOOTWEAR-LTD./NBFOOT/523242
MACPLASQ,https://www.bseindia.com/stock-share-price/MACHINO-PLASTICS-LTD.-$/MACPLASQ/523248
PEARLPOLY,https://www.bseindia.com/stock-share-price/PEARL-POLYMERS-LTD./PEARLPOLY/523260
VENKYS,https://www.bseindia.com/stock-share-price/VENKY'S-(INDIA)-LTD./VENKYS/523261
ADVANIHOTR,https://www.bseindia.com/stock-share-price/ADVANI-HOTELS-&-RESORTS-(INDIA)-LTD./ADVANIHOTR/523269
GVFILM,https://www.bseindia.com/stock-share-price/GV-FILMS-LTD./GVFILM/523277
SUPERHOUSE,https://www.bseindia.com/stock-share-price/SUPERHOUSE-LTD./SUPERHOUSE/523283
RAMAVISION,https://www.bseindia.com/stock-share-price/RAMA-VISION-LTD./RAMAVISION/523289
TCPLPACK,https://www.bseindia.com/stock-share-price/TCPL-PACKAGING-LTD.-$/TCPLPACK/523301
SHRIGANG,https://www.bseindia.com/stock-share-price/SHRI-GANG-INDUSTRIES-AND-ALLIED-PRODUCTS-LTD./SHRIGANG/523309
PURITY,https://www.bseindia.com/stock-share-price/PURITY-FLEX-PACK-LTD./PURITY/523315
BALMLAWRIE,https://www.bseindia.com/stock-share-price/BALMER-LAWRIE-&-CO.LTD./BALMLAWRIE/523319
KOVAI,https://www.bseindia.com/stock-share-price/KOVAI-MEDICAL-CENTER-&-HOSPITAL-LTD./KOVAI/523323
ELDEHSG,https://www.bseindia.com/stock-share-price/ELDECO-HOUSING-&-INDUSTRIES-LTD./ELDEHSG/523329
MICROSE,https://www.bseindia.com/stock-share-price/MICROSE-INDIA-LTD./MICROSE/523343
STDSHOE,https://www.bseindia.com/stock-share-price/STANDARD-SHOE-SOLE-AND-MOULD-(INDIA)-LTD./STDSHOE/523351
DCMSHRIRAM,https://www.bseindia.com/stock-share-price/DCM-Shriram-Limited/DCMSHRIRAM/523367
DCMSRMIND,https://www.bseindia.com/stock-share-price/DCM-SHRIRAM-INDUSTRIES-LTD.-$/DCMSRMIND/523369
MAWANASUG,https://www.bseindia.com/stock-share-price/MAWANA-SUGARS-LTD./MAWANASUG/523371
MINID,https://www.bseindia.com/stock-share-price/MINI-DIAMONDS-(INDIA)-LTD./MINID/523373
MAHAPEXLTD,https://www.bseindia.com/stock-share-price/MAHA-RASHTRA-APEX-CORPORATION-LTD./MAHAPEXLTD/523384
NILKAMAL,https://www.bseindia.com/stock-share-price/NILKAMAL-LTD./NILKAMAL/523385
NAHARPOLY,https://www.bseindia.com/stock-share-price/NAHAR-POLYFILMS-LTD./NAHARPOLY/523391
3MINDIA,https://www.bseindia.com/stock-share-price/3M-INDIA-LTD./3MINDIA/523395
JCHAC,https://www.bseindia.com/stock-share-price/Johnson-Controls-Hitachi-Air-Conditioning-India-Ltd/JCHAC/523398
JMFINANCIL,https://www.bseindia.com/stock-share-price/JM-FINANCIAL-LTD.-$/JMFINANCIL/523405
ADCINDIA,https://www.bseindia.com/stock-share-price/ADC-India-Communications-Limited-$/ADCINDIA/523411
TNTELE,https://www.bseindia.com/stock-share-price/TAMILNADU-TELECOMMUNICATIONS-LTD./TNTELE/523419
SUNRAJDI,https://www.bseindia.com/stock-share-price/SUNRAJ-DIAMOND-EXPORTS-LTD./SUNRAJDI/523425
RIIL,https://www.bseindia.com/stock-share-price/RELIANCE-INDUSTRIAL-INFRASTRUCTURE-LTD./RIIL/523445
SHARP,https://www.bseindia.com/stock-share-price/SHARP-INDIA-LTD./SHARP/523449
LINDEINDIA,https://www.bseindia.com/stock-share-price/Linde-India-Limited/LINDEINDIA/523457
INDBNK,https://www.bseindia.com/stock-share-price/IND-BANK-HOUSING-LTD./INDBNK/523465
LOTUSCHO,https://www.bseindia.com/stock-share-price/LOTUS-CHOCOLATE-CO.LTD./LOTUSCHO/523475
PACIFICI,https://www.bseindia.com/stock-share-price/PACIFIC-INDUSTRIES-LTD./PACIFICI/523483
CMMHOSP,https://www.bseindia.com/stock-share-price/CHENNAI-MEENAKSHI-MULTISPECIALITY-HOSPITAL-LTD.-$/CMMHOSP/523489
UNIOFFICE,https://www.bseindia.com/stock-share-price/UNIVERSAL-OFFICE-AUTOMATION-LTD./UNIOFFICE/523519
APMIN,https://www.bseindia.com/stock-share-price/APM-INDUSTRIES-LTD.-$/APMIN/523537
PRECWIRE,https://www.bseindia.com/stock-share-price/PRECISION-WIRES-INDIA-LTD./PRECWIRE/523539
KRYPTONQ,https://www.bseindia.com/stock-share-price/KRYPTON-INDUSTRIES-LTD./KRYPTONQ/523550
SWISSMLTRY,https://www.bseindia.com/stock-share-price/Swiss-Military-Consumer-Goods-Ltd/SWISSMLTRY/523558
MARBU,https://www.bseindia.com/stock-share-price/MARTIN-BURN-LTD./MARBU/523566
FEL,https://www.bseindia.com/stock-share-price/Future-Enterprises-Ltd/FEL/523574
INDTONER,https://www.bseindia.com/stock-share-price/INDIAN-TONERS-&-DEVELOPERS-LTD.-$/INDTONER/523586
KUNSTOFF,https://www.bseindia.com/stock-share-price/KUNSTSTOFFE-INDUSTRIES-LTD./KUNSTOFF/523594
SCI,https://www.bseindia.com/stock-share-price/SHIPPING-CORPORATION-OF-INDIA-LTD./SCI/523598
SIKA,https://www.bseindia.com/stock-share-price/SIKA-INTERPLANT-SYSTEMS-LTD./SIKA/523606
ITI,https://www.bseindia.com/stock-share-price/ITI-LTD./ITI/523610
DREDGECORP,https://www.bseindia.com/stock-share-price/DREDGING-CORPORATION-OF-INDIA-LTD./DREDGECORP/523618
PHRMASI,https://www.bseindia.com/stock-share-price/PHAARMASIA-LTD./PHRMASI/523620
PODDAR,https://www.bseindia.com/stock-share-price/Poddar-Housing-and-Development-Ltd/PODDAR/523628
NFL,https://www.bseindia.com/stock-share-price/NATIONAL-FERTILIZERS-LTD./NFL/523630
IPRINGLTD,https://www.bseindia.com/stock-share-price/IP-RINGS-LTD.-$/IPRINGLTD/523638
PIIND,https://www.bseindia.com/stock-share-price/PI-Industries-Ltd/PIIND/523642
PLASTIBLEN,https://www.bseindia.com/stock-share-price/PLASTIBLENDS-INDIA-LTD.-$/PLASTIBLEN/523648
YASHINNO,https://www.bseindia.com/stock-share-price/Yash-Innoventures-Ltd/YASHINNO/523650
KKPLASTICK,https://www.bseindia.com/stock-share-price/Kkalpana-Plastick-Limited/KKPLASTICK/523652
WATERBASE,https://www.bseindia.com/stock-share-price/WATERBASE-LTD./WATERBASE/523660
FLEXFO,https://www.bseindia.com/stock-share-price/FLEX-FOODS-LTD.-$/FLEXFO/523672
GOLKUNDIA,https://www.bseindia.com/stock-share-price/GOLKUNDA-DIAMONDS-&-JEWELLERY-LTD./GOLKUNDIA/523676
APCOTEXIND,https://www.bseindia.com/stock-share-price/APCOTEX-INDUSTRIES-LTD./APCOTEXIND/523694
FORTISMLR,https://www.bseindia.com/stock-share-price/Fortis-Malar-Hospitals-Limited/FORTISMLR/523696
MASTEK,https://www.bseindia.com/stock-share-price/MASTEK-LTD./MASTEK/523704
EIMCOELECO,https://www.bseindia.com/stock-share-price/EIMCO-ELECON-(INDIA)-LTD./EIMCOELECO/523708
SAYAJIHOTL,https://www.bseindia.com/stock-share-price/SAYAJI-HOTELS-LTD./SAYAJIHOTL/523710
JMGCORP,https://www.bseindia.com/stock-share-price/JMG-CORPORATION-LTD./JMGCORP/523712
ASHIANA,https://www.bseindia.com/stock-share-price/ASHIANA-HOUSING-LTD.-$/ASHIANA/523716
SVAMSOF,https://www.bseindia.com/stock-share-price/SVAM-SOFTWARE-LTD./SVAMSOF/523722
ECOBOAR,https://www.bseindia.com/stock-share-price/ECOBOARD-INDUSTRIES-LTD./ECOBOAR/523732
DVL,https://www.bseindia.com/stock-share-price/Dhunseri-Ventures-Ltd-$/DVL/523736
MAHEPC,https://www.bseindia.com/stock-share-price/Mahindra-EPC-Irrigation-Ltd/MAHEPC/523754
MITSHI,https://www.bseindia.com/stock-share-price/Mitshi-India-Ltd/MITSHI/523782
SHUKJEW,https://www.bseindia.com/stock-share-price/SHUKRA-JEWELLERS-LTD./SHUKJEW/523790
MAZDALTD,https://www.bseindia.com/stock-share-price/MAZDA-LTD.-$/MAZDALTD/523792
SOVERDIA,https://www.bseindia.com/stock-share-price/SOVEREIGN-DIAMONDS-LTD./SOVERDIA/523826
MENONBE,https://www.bseindia.com/stock-share-price/MENON-BEARINGS-LTD.-$/MENONBE/523828
MUKATPIP,https://www.bseindia.com/stock-share-price/MUKAT-PIPES-LTD.-$/MUKATPIP/523832
GUJRAFIA,https://www.bseindia.com/stock-share-price/GUJARAT-RAFFIA-INDUSTRIES-LTD./GUJRAFIA/523836
SIMPLEXINF,https://www.bseindia.com/stock-share-price/SIMPLEX-INFRASTRUCTURES-LTD./SIMPLEXINF/523838
INNOVTEC,https://www.bseindia.com/stock-share-price/INNOVATIVE-TECH-PACK-LTD./INNOVTEC/523840
SUPTANERY,https://www.bseindia.com/stock-share-price/Super-Tannery-Limited/SUPTANERY/523842
CONSTRONIC,https://www.bseindia.com/stock-share-price/Constronics-Infra-Ltd/CONSTRONIC/523844
AXTEL,https://www.bseindia.com/stock-share-price/AXTEL-INDUSTRIES-LTD./AXTEL/523850
PIFL,https://www.bseindia.com/stock-share-price/Pacheli-Industrial-Finance-Ltd/PIFL/523862
VRWODAR,https://www.bseindia.com/stock-share-price/V-R-WOODART-LTD./VRWODAR/523888
APIL,https://www.bseindia.com/stock-share-price/Avi-Products-India-Ltd/APIL/523896
POONAWALLA,https://www.bseindia.com/stock-share-price/Poonawalla-Fincorp-Ltd/POONAWALLA/524000
HINFLUR,https://www.bseindia.com/stock-share-price/HINDUSTAN-FLUOROCARBONS-LTD./HINFLUR/524013
KINGFA,https://www.bseindia.com/stock-share-price/Kingfa-Science-&-Technology-(India)-Ltd-$/KINGFA/524019
PATIDAR,https://www.bseindia.com/stock-share-price/Patidar-Buildcon-Limited/PATIDAR/524031
RAMAPHO,https://www.bseindia.com/stock-share-price/RAMA-PHOSPHATES-LTD./RAMAPHO/524037
VENLONENT,https://www.bseindia.com/stock-share-price/VENLON-ENTERPRISES-LTD./VENLONENT/524038
PETPLST,https://www.bseindia.com/stock-share-price/PET-PLASTICS-LTD./PETPLST/524046
POLYPLEX,https://www.bseindia.com/stock-share-price/POLYPLEX-CORPORATION-LTD./POLYPLEX/524051
ALBERTDA,https://www.bseindia.com/stock-share-price/ALBERT-DAVID-LTD.-$/ALBERTDA/524075
HARLETH,https://www.bseindia.com/stock-share-price/HARYANA-LEATHER-CHEMICALS-LTD./HARLETH/524080
ACRYSIL,https://www.bseindia.com/stock-share-price/ACRYSIL-LTD./ACRYSIL/524091
KABRAEXTRU,https://www.bseindia.com/stock-share-price/KABRA-EXTRUSIONTECHNIK-LTD./KABRAEXTRU/524109
VINYLINDIA,https://www.bseindia.com/stock-share-price/VINYL-CHEMICALS-(INDIA)-LTD./VINYLINDIA/524129
PCCOSMA,https://www.bseindia.com/stock-share-price/PEE-CEE-COSMA-SOPE-LTD./PCCOSMA/524136
TCMLMTD,https://www.bseindia.com/stock-share-price/TCM-LTD./TCMLMTD/524156
IOLCP,https://www.bseindia.com/stock-share-price/IOL-CHEMICALS-&-PHARMACEUTICALS-LTD./IOLCP/524164
VINATIORGA,https://www.bseindia.com/stock-share-price/VINATI-ORGANICS-LTD.-$/VINATIORGA/524200
LACTOSE,https://www.bseindia.com/stock-share-price/LACTOSE-(INDIA)-LTD./LACTOSE/524202
AARTIIND,https://www.bseindia.com/stock-share-price/AARTI-INDUSTRIES-LTD./AARTIIND/524208
WANBURY,https://www.bseindia.com/stock-share-price/WANBURY-LTD./WANBURY/524212
RESONANCE,https://www.bseindia.com/stock-share-price/RESONANCE-SPECIALTIES-LTD.-$/RESONANCE/524218
GAEL,https://www.bseindia.com/stock-share-price/GUJARAT-AMBUJA-EXPORTS-LTD./GAEL/524226
RCF,https://www.bseindia.com/stock-share-price/RASHTRIYA-CHEMICALS-&-FERTILIZERS-LTD./RCF/524230
KOPRAN,https://www.bseindia.com/stock-share-price/KOPRAN-LTD./KOPRAN/524280
AIMCOPEST,https://www.bseindia.com/stock-share-price/AIMCO-PESTICIDES-LTD./AIMCOPEST/524288
GUJTERC,https://www.bseindia.com/stock-share-price/GUJARAT-TERCE-LABORATORIES-LTD./GUJTERC/524314
JAYAGROGN,https://www.bseindia.com/stock-share-price/JAYANT-AGRO-ORGANICS-LTD./JAYAGROGN/524330
BCLIL,https://www.bseindia.com/stock-share-price/BCL-Industries-Ltd-$/BCLIL/524332
SHHARICH,https://www.bseindia.com/stock-share-price/SHREE-HARI-CHEMICALS-EXPORT-LTD./SHHARICH/524336
INDOBORAX,https://www.bseindia.com/stock-share-price/INDO-BORAX-&-CHEMICALS-LTD.-$/INDOBORAX/524342
AARTIDRUGS,https://www.bseindia.com/stock-share-price/AARTI-DRUGS-LTD./AARTIDRUGS/524348
BODALCHEM,https://www.bseindia.com/stock-share-price/BODAL-CHEMICALS-LTD./BODALCHEM/524370
ORCHIDPHAR,https://www.bseindia.com/stock-share-price/Orchid-Pharma-Ltd/ORCHIDPHAR/524372
VIMTALABS,https://www.bseindia.com/stock-share-price/VIMTA-LABS-LTD.-$/VIMTALABS/524394
BIOFILCHEM,https://www.bseindia.com/stock-share-price/BIOFIL-CHEMICALS-&-PHARMACEUTICALS-LTD./BIOFILCHEM/524396
ISHITADR,https://www.bseindia.com/stock-share-price/ISHITA-DRUGS-&-INDUSTRIES-LTD./ISHITADR/524400
MARKSANS*,https://www.bseindia.com/stock-share-price/MARKSANS-PHARMA-LTD./MARKSANS*/524404
UNIVSTAR,https://www.bseindia.com/stock-share-price/UNIVERSAL-STARCH-CHEM-ALLIED-LTD./UNIVSTAR/524408
AREYDRG,https://www.bseindia.com/stock-share-price/AAREY-DRUGS-&-PHARMACEUTICALS-LTD./AREYDRG/524412
NORRIS,https://www.bseindia.com/stock-share-price/NORRIS-MEDICINES-LTD./NORRIS/524414
ASINPET,https://www.bseindia.com/stock-share-price/ASIAN-PETROPRODUCTS-&-EXPORTS-LTD./ASINPET/524434
CAMEXLTD,https://www.bseindia.com/stock-share-price/CAMEX-LTD./CAMEXLTD/524440
EVEXIA,https://www.bseindia.com/stock-share-price/Evexia-Lifecare-Ltd/EVEXIA/524444
INDOEURO,https://www.bseindia.com/stock-share-price/INDO-EURO-INDCHEM-LTD./INDOEURO/524458
SYNCOMF,https://www.bseindia.com/stock-share-price/SYNCOM-FORMULATIONS-(INDIA)-LTD.-$/SYNCOMF/524470
RIDDHI,https://www.bseindia.com/stock-share-price/RIDDHI-SIDDHI-GLUCO-BIOLS-LTD.-$/RIDDHI/524480
SVCIND,https://www.bseindia.com/stock-share-price/SVC-INDUSTRIES-Ltd/SVCIND/524488
IPCALAB,https://www.bseindia.com/stock-share-price/IPCA-LABORATORIES-LTD./IPCALAB/524494
KILITCH,https://www.bseindia.com/stock-share-price/KILITCH-DRUGS-(INDIA)-LTD./KILITCH/524500
RAAJMEDI,https://www.bseindia.com/stock-share-price/RAAJ-MEDISAFE-INDIA-LTD./RAAJMEDI/524502
CORALAB,https://www.bseindia.com/stock-share-price/CORAL-LABORATORIES-LTD./CORALAB/524506
TULASEEBIOE,https://www.bseindia.com/stock-share-price/TULASEE-BIO-ETHANOL-LTD./TULASEEBIOE/524514
BACPHAR,https://www.bseindia.com/stock-share-price/BACIL-PHARMA-LTD./BACPHAR/524516
KREBSBIO,https://www.bseindia.com/stock-share-price/KREBS-BIOCHEMICALS-&-INDUSTRIES-LTD.-$/KREBSBIO/524518
KMCSHIL,https://www.bseindia.com/stock-share-price/KMC-SPECIALITY-HOSPITALS-(INDIA)-LTD./KMCSHIL/524520
LAFFANSQ,https://www.bseindia.com/stock-share-price/LAFFANS-PETROCHEMICALS-LTD.-$/LAFFANSQ/524522
BHASKAGR,https://www.bseindia.com/stock-share-price/BHASKAR-AGROCHEMICALS-LTD./BHASKAGR/524534
SUKHJITS,https://www.bseindia.com/stock-share-price/SUKHJIT-STARCH-&-CHEMICALS-LTD.-$/SUKHJITS/524542
SHABCHM,https://www.bseindia.com/stock-share-price/SHABA-CHEMICALS-LTD./SHABCHM/524546
NEULANDLAB,https://www.bseindia.com/stock-share-price/NEULAND-LABORATORIES-LTD./NEULANDLAB/524558
GAYATRIBI,https://www.bseindia.com/stock-share-price/GAYATRI-BIOORGANICS-LTD./GAYATRIBI/524564
PODARPIGQ,https://www.bseindia.com/stock-share-price/PODDAR-PIGMENTS-LTD.-$/PODARPIGQ/524570
PHARMAID,https://www.bseindia.com/stock-share-price/PHARMAIDS-PHARMACEUTICALS-LTD./PHARMAID/524572
VIVIDIND,https://www.bseindia.com/stock-share-price/VIVID-GLOBAL-INDUSTRIES-LTD./VIVIDIND/524576
PRIYALT,https://www.bseindia.com/stock-share-price/PRIYA-LTD.-$/PRIYALT/524580
TIRUSTA,https://www.bseindia.com/stock-share-price/TIRUPATI-STARCH-&-CHEMICALS-LTD./TIRUSTA/524582
HEMORGANIC,https://www.bseindia.com/stock-share-price/Hemo-Organic-Limited/HEMORGANIC/524590
JDORGOCHEM,https://www.bseindia.com/stock-share-price/JD-ORGOCHEM-LTD./JDORGOCHEM/524592
ASHOKALC,https://www.bseindia.com/stock-share-price/ASHOK-ALCO-CHEM-LTD./ASHOKALC/524594
AKSCHEM,https://www.bseindia.com/stock-share-price/AKSHARCHEM-(INDIA)-LTD.-$/AKSCHEM/524598
ADLINE,https://www.bseindia.com/stock-share-price/Adline-Chem-Lab-Ltd/ADLINE/524604
BERLDRG,https://www.bseindia.com/stock-share-price/BERYL-DRUGS-LTD./BERLDRG/524606
ISTRNETWK,https://www.bseindia.com/stock-share-price/iStreet-Network-Limited/ISTRNETWK/524622
GAGAN,https://www.bseindia.com/stock-share-price/GAGAN-GASES-LTD./GAGAN/524624
PARKERAC,https://www.bseindia.com/stock-share-price/PARKER-AGROCHEM-EXPORTS-LTD.-$/PARKERAC/524628
SHUKRAPHAR,https://www.bseindia.com/stock-share-price/Shukra-Pharmaceuticals-Ltd/SHUKRAPHAR/524632
ALUFLUOR,https://www.bseindia.com/stock-share-price/ALUFLUORIDE-LTD./ALUFLUOR/524634
OXYGENTAPH,https://www.bseindia.com/stock-share-price/Oxygenta-Pharmaceutical-Ltd/OXYGENTAPH/524636
ARCHITORG,https://www.bseindia.com/stock-share-price/ARCHIT-ORGANOSYS-LTD./ARCHITORG/524640
SIKOZY,https://www.bseindia.com/stock-share-price/Sikozy-Realtors-Limited/SIKOZY/524642
INDOAMIN,https://www.bseindia.com/stock-share-price/INDO-AMINES-LTD.-$/INDOAMIN/524648
INDSWFTLTD,https://www.bseindia.com/stock-share-price/IND-SWIFT-LTD./INDSWFTLTD/524652
NATCAPSUQ,https://www.bseindia.com/stock-share-price/NATURAL-CAPSULES-LTD./NATCAPSUQ/524654
WELCURE,https://www.bseindia.com/stock-share-price/WELCURE-DRUGS-&-PHARMACEUTICALS-LTD./WELCURE/524661
BIBCL,https://www.bseindia.com/stock-share-price/BHARAT-IMMUNOLOGICALS-&-BIOLOGICALS-CORPORATION-LTD.-$/BIBCL/524663
SOTL,https://www.bseindia.com/stock-share-price/SAVITA-OIL-TECHNOLOGIES-LTD./SOTL/524667
HESTERBIO,https://www.bseindia.com/stock-share-price/HESTER-BIOSCIENCES-LTD./HESTERBIO/524669
KABSON,https://www.bseindia.com/stock-share-price/KABSONS-INDUSTRIES-LTD./KABSON/524675
BASANTGL,https://www.bseindia.com/stock-share-price/BASANT-AGRO-TECH-(INDIA)-LTD.-$/BASANTGL/524687
SANDUPHQ,https://www.bseindia.com/stock-share-price/SANDU-PHARMACEUTICALS-LTD./SANDUPHQ/524703
NACLIND,https://www.bseindia.com/stock-share-price/NACL-Industries-Ltd/NACLIND/524709
VISTAPH,https://www.bseindia.com/stock-share-price/VISTA-PHARMACEUTICALS-LTD./VISTAPH/524711
SUNPHARMA,https://www.bseindia.com/stock-share-price/SUN-PHARMACEUTICAL-INDUSTRIES-LTD./SUNPHARMA/524715
TITANBIO,https://www.bseindia.com/stock-share-price/TITAN-BIOTECH-LTD./TITANBIO/524717
BIJHANS,https://www.bseindia.com/stock-share-price/BIJOY-HANS-LTD./BIJHANS/524723
SDL,https://www.bseindia.com/stock-share-price/Span-Divergent-Ltd-$/SDL/524727
JENBURPH,https://www.bseindia.com/stock-share-price/JENBURKT-PHARMACEUTICALS-LTD./JENBURPH/524731
HIKAL,https://www.bseindia.com/stock-share-price/HIKAL-LTD./HIKAL/524735
CAPPL,https://www.bseindia.com/stock-share-price/CAPLIN-POINT-LABORATORIES-LTD./CAPPL/524742
FISCHER,https://www.bseindia.com/stock-share-price/FISCHER-CHEMIC-LTD./FISCHER/524743
LINKPH,https://www.bseindia.com/stock-share-price/LINK-PHARMA-CHEM-LTD./LINKPH/524748
DECIPHER,https://www.bseindia.com/stock-share-price/Decipher-Labs-Ltd/DECIPHER/524752
EMMESSA,https://www.bseindia.com/stock-share-price/EMMESSAR-BIOTECH-&-NUTRITION-LTD./EMMESSA/524768
NGLFINE,https://www.bseindia.com/stock-share-price/NGL-FINE-CHEM-LTD./NGLFINE/524774
EVERESTO,https://www.bseindia.com/stock-share-price/EVEREST-ORGANICS-LTD./EVERESTO/524790
AUROPHARMA,https://www.bseindia.com/stock-share-price/AUROBINDO-PHARMA-LTD./AUROPHARMA/524804
PHYTO,https://www.bseindia.com/stock-share-price/PHYTO-CHEM-(INDIA)-LTD./PHYTO/524808
NATCOPHARM,https://www.bseindia.com/stock-share-price/NATCO-PHARMA-LTD./NATCOPHARM/524816
DYNAMIND,https://www.bseindia.com/stock-share-price/DYNAMIC-INDUSTRIES-LTD.-$/DYNAMIND/524818
PANAMAPET,https://www.bseindia.com/stock-share-price/PANAMA-PETROCHEM-LTD./PANAMAPET/524820
BALPHARMA,https://www.bseindia.com/stock-share-price/BAL-PHARMA-LTD./BALPHARMA/524824
BDH,https://www.bseindia.com/stock-share-price/BDH-INDUSTRIES-LTD./BDH/524828
JAUSPOL,https://www.bseindia.com/stock-share-price/JAUSS-POLYMERS-LTD./JAUSPOL/526001
GLOBUSCON,https://www.bseindia.com/stock-share-price/Globus-Constructors-&-Developers-Limited/GLOBUSCON/526025
CUBEXTUB,https://www.bseindia.com/stock-share-price/CUBEX-TUBINGS-LTD./CUBEXTUB/526027
POLYCHMP,https://www.bseindia.com/stock-share-price/POLYMECHPLAST-MACHINES-LTD./POLYCHMP/526043
GALXBRG,https://www.bseindia.com/stock-share-price/GALAXY-BEARINGS-LTD./GALXBRG/526073
SCAGRO,https://www.bseindia.com/stock-share-price/SC-Agrotech-Ltd/SCAGRO/526081
RALEGRA,https://www.bseindia.com/stock-share-price/RAVILEELA-GRANITES-LTD./RALEGRA/526095
UNRYLMA,https://www.bseindia.com/stock-share-price/UNIROYAL-MARINE-EXPORTS-LTD./UNRYLMA/526113
KARANWO,https://www.bseindia.com/stock-share-price/KARAN-WOO-SIN-LTD./KARANWO/526115
SHERVANI,https://www.bseindia.com/stock-share-price/SHERVANI-INDUSTRIAL-SYNDICATE-LTD./SHERVANI/526117
ARHNTTO,https://www.bseindia.com/stock-share-price/ARIHANT-TOURNESOL-LTD./ARHNTTO/526125
SUPERTEX,https://www.bseindia.com/stock-share-price/SUPERTEX-INDUSTRIES-LTD./SUPERTEX/526133
SHETR,https://www.bseindia.com/stock-share-price/SHETRON-LTD./SHETR/526137
TRABI,https://www.bseindia.com/stock-share-price/TRANSGENE-BIOTEK-LTD./TRABI/526139
MPL,https://www.bseindia.com/stock-share-price/MPL-Plastics-Limited/MPL/526143
NIKHILAD,https://www.bseindia.com/stock-share-price/NIKHIL-ADHESIVES-LTD.-$/NIKHILAD/526159
SPENTA,https://www.bseindia.com/stock-share-price/SPENTA-INTERNATIONAL-LTD./SPENTA/526161
MULTIBASE,https://www.bseindia.com/stock-share-price/MULTIBASE-INDIA-LTD./MULTIBASE/526169
ANDREWYU,https://www.bseindia.com/stock-share-price/ANDREW-YULE-&-COMPANY-LTD./ANDREWYU/526173
LUDLOWJUT,https://www.bseindia.com/stock-share-price/LUDLOW-JUTE-&-SPECIALITIES-LTD./LUDLOWJUT/526179
ASHRAM,https://www.bseindia.com/stock-share-price/ASHRAM-ONLINE.COM-LTD./ASHRAM/526187
ROYALCU,https://www.bseindia.com/stock-share-price/ROYAL-CUSHION-VINYL-PRODUCTS-LTD.-$/ROYALCU/526193
SURJIND,https://www.bseindia.com/stock-share-price/SURAJ-INDUSTRIES-LTD./SURJIND/526211
HITECHCORP,https://www.bseindia.com/stock-share-price/Hitech-Corporation-Ltd-$/HITECHCORP/526217
BLOOM,https://www.bseindia.com/stock-share-price/BLOOM-DEKOR-LTD.-$/BLOOM/526225
FILATEX,https://www.bseindia.com/stock-share-price/FILATEX-INDIA-LTD.-$/FILATEX/526227
STDSFAC,https://www.bseindia.com/stock-share-price/STANDARD-SURFACTANTS-LTD./STDSFAC/526231
MERCATOR,https://www.bseindia.com/stock-share-price/MERCATOR-LTD.-$/MERCATOR/526235
MORGAN,https://www.bseindia.com/stock-share-price/MORGAN-VENTURES-LTD./MORGAN/526237
AMRAPLIN,https://www.bseindia.com/stock-share-price/AMRAPALI-INDUSTRIES-LTD./AMRAPLIN/526241
PREMEXPLQ,https://www.bseindia.com/stock-share-price/PREMIER-EXPLOSIVES-LTD./PREMEXPLQ/526247
MIDEASTP,https://www.bseindia.com/stock-share-price/MID-EAST-PORTFOLIO-MANAGEMENT-LTD./MIDEASTP/526251
MOLDTEK,https://www.bseindia.com/stock-share-price/MOLD-TEK-TECHNOLOGIES-LTD./MOLDTEK/526263
CRSTCHM,https://www.bseindia.com/stock-share-price/CRESTCHEM-LTD./CRSTCHM/526269
MPHASIS,https://www.bseindia.com/stock-share-price/MPHASIS-LTD./MPHASIS/526299
MEDINOV,https://www.bseindia.com/stock-share-price/MEDINOVA-DIAGNOSTIC-SERVICES-LTD./MEDINOV/526301
DIVSHKT,https://www.bseindia.com/stock-share-price/Divyashakti-Ltd/DIVSHKT/526315
ORIENTLTD,https://www.bseindia.com/stock-share-price/ORIENT-PRESS-LTD./ORIENTLTD/526325
SHREYASI,https://www.bseindia.com/stock-share-price/SHREYAS-INTERMEDIATES-LTD./SHREYASI/526335
PANJON,https://www.bseindia.com/stock-share-price/PANJON-LTD./PANJON/526345
PARTIND,https://www.bseindia.com/stock-share-price/Parth-Industries-Limited/PARTIND/526349
DUROPACK,https://www.bseindia.com/stock-share-price/DUROPACK-LTD./DUROPACK/526355
SWARNSAR,https://www.bseindia.com/stock-share-price/Swarnsarita-Jewels-India-Ltd/SWARNSAR/526365
GANESHHOUC,https://www.bseindia.com/stock-share-price/GANESH-HOUSING-CORPORATION-LTD.-$/GANESHHOUC/526367
NMDC,https://www.bseindia.com/stock-share-price/NMDC-LTD./NMDC/526371
CINDHO,https://www.bseindia.com/stock-share-price/CINDRELLA-HOTELS-LTD.-$/CINDHO/526373
PATINTLOG,https://www.bseindia.com/stock-share-price/PATEL-INTEGRATED-LOGISTICS-LTD.-$/PATINTLOG/526381
ALPHAGEO,https://www.bseindia.com/stock-share-price/ALPHAGEO-(INDIA)-LTD.-$/ALPHAGEO/526397
RPIL,https://www.bseindia.com/stock-share-price/RITESH-PROPERTIES-&-INDUSTRIES-LTD./RPIL/526407
KKALPANAIND,https://www.bseindia.com/stock-share-price/Kkalpana-Industries-(India)-Ltd/KKALPANAIND/526409
OKPLA,https://www.bseindia.com/stock-share-price/OK-PLAY-INDIA-LTD./OKPLA/526415
KRITIIND,https://www.bseindia.com/stock-share-price/KRITI-INDUSTRIES-(INDIA)-LTD.-$/KRITIIND/526423
WELTI,https://www.bseindia.com/stock-share-price/WELTERMAN-INTERNATIONAL-LTD./WELTI/526431
ASMTEC,https://www.bseindia.com/stock-share-price/ASM-TECHNOLOGIES-LTD./ASMTEC/526433
PERFEPA,https://www.bseindia.com/stock-share-price/PERFECTPAC-LTD./PERFEPA/526435
AMBIT,https://www.bseindia.com/stock-share-price/AMBITIOUS-PLASTOMAC-COMPANY-LTD./AMBIT/526439
VISIONCINE,https://www.bseindia.com/stock-share-price/VISION-CINEMAS-LTD./VISIONCINE/526441
INDRANIB,https://www.bseindia.com/stock-share-price/INDRAYANI-BIOTECH-LTD./INDRANIB/526445
EUROLED,https://www.bseindia.com/stock-share-price/EURO-LEDER-FASHION-LTD./EUROLED/526468
WINSOMBR,https://www.bseindia.com/stock-share-price/WINSOME-BREWERIES-LTD./WINSOMBR/526471
ELEFLOR,https://www.bseindia.com/stock-share-price/ELEGANT-FLORICULTURE-&-AGROTECH-(INDIA)-LTD./ELEFLOR/526473
SKYIND,https://www.bseindia.com/stock-share-price/SKY-INDUSTRIES-LTD.-$/SKYIND/526479
PHOENXINTL,https://www.bseindia.com/stock-share-price/PHOENIX-INTERNATIONAL-LTD./PHOENXINTL/526481
AARVINFRA,https://www.bseindia.com/stock-share-price/AARV-Infratel-Ltd/AARVINFRA/526488
RISHIROOP,https://www.bseindia.com/stock-share-price/Rishiroop-Ltd/RISHIROOP/526492
PROMACT,https://www.bseindia.com/stock-share-price/Promact-Impex-Ltd/PROMACT/526494
STRGRENWO,https://www.bseindia.com/stock-share-price/STERLING-GREEN-WOODS-LTD./STRGRENWO/526500
SYSTMTXC,https://www.bseindia.com/stock-share-price/SYSTEMATIX-CORPORATE-SERVICES-LTD./SYSTMTXC/526506
ALPINEHOU,https://www.bseindia.com/stock-share-price/ALPINE-HOUSING-DEVELOPMENT-CORPORATION-LTD./ALPINEHOU/526519
SANGHIIND,https://www.bseindia.com/stock-share-price/SANGHI-INDUSTRIES-LTD./SANGHIIND/526521
WWALUM,https://www.bseindia.com/stock-share-price/Worldwide-Aluminium-Ltd/WWALUM/526525
SFPIL,https://www.bseindia.com/stock-share-price/Square-Four-Projects-India-Limited/SFPIL/526532
SCANPGEOM,https://www.bseindia.com/stock-share-price/SCANPOINT-GEOMATICS-LTD./SCANPGEOM/526544
CHOKSILA,https://www.bseindia.com/stock-share-price/CHOKSI-LABORATORIES-LTD./CHOKSILA/526546
CCHHL,https://www.bseindia.com/stock-share-price/Country-Club-Hospitality-&-Holidays-Ltd/CCHHL/526550
SALGUTI,https://www.bseindia.com/stock-share-price/SALGUTI-INDUSTRIES-LTD./SALGUTI/526554
LONTE,https://www.bseindia.com/stock-share-price/LONGVIEW-TEA-COMPANY-LTD./LONTE/526568
ENTRINT,https://www.bseindia.com/stock-share-price/ENTERPRISE-INTERNATIONAL-LTD./ENTRINT/526574
TECHIN,https://www.bseindia.com/stock-share-price/TECHINDIA-NIRMAN-LIMITED/TECHIN/526576
TPLPLAST,https://www.bseindia.com/stock-share-price/TPL-PLASTECH-LTD./TPLPLAST/526582
WIMPLAST,https://www.bseindia.com/stock-share-price/WIM-PLAST-LTD.-$/WIMPLAST/526586
PHOTOQUP,https://www.bseindia.com/stock-share-price/PHOTOQUIP-INDIA-LTD./PHOTOQUP/526588
LIBERTSHOE,https://www.bseindia.com/stock-share-price/LIBERTY-SHOES-LTD./LIBERTSHOE/526596
LIPPISYS,https://www.bseindia.com/stock-share-price/LIPPI-SYSTEMS-LTD.-$/LIPPISYS/526604
ELECTHERM,https://www.bseindia.com/stock-share-price/ELECTROTHERM-(INDIA)-LTD./ELECTHERM/526608
BLUEDART,https://www.bseindia.com/stock-share-price/BLUE-DART-EXPRESS-LTD./BLUEDART/526612
EXPOGAS,https://www.bseindia.com/stock-share-price/EXPO-GAS-CONTAINERS-LTD./EXPOGAS/526614
NATPLAS,https://www.bseindia.com/stock-share-price/NATIONAL-PLASTIC-INDUSTRIES-LTD./NATPLAS/526616
MFLINDIA,https://www.bseindia.com/stock-share-price/MFL-INDIA-LTD./MFLINDIA/526622
AJWAFUN,https://www.bseindia.com/stock-share-price/AJWA-FUN-WORLD-&-RESORT-LTD./AJWAFUN/526628
TEXELIN,https://www.bseindia.com/stock-share-price/TEXEL-INDUSTRIES-LTD./TEXELIN/526638
RAYALEMA,https://www.bseindia.com/stock-share-price/ROYALE-MANOR-HOTELS-&-INDUSTRIES-LTD./RAYALEMA/526640
MIRZAINT,https://www.bseindia.com/stock-share-price/MIRZA-INTERNATIONAL-LTD./MIRZAINT/526642
TFCILTD,https://www.bseindia.com/stock-share-price/TOURISM-FINANCE-CORPORATION-OF-INDIA-LTD./TFCILTD/526650
THAKDEV,https://www.bseindia.com/stock-share-price/THAKKERS-DEVELOPERS-LTD./THAKDEV/526654
ARENTERP,https://www.bseindia.com/stock-share-price/RAJDARSHAN-INDUSTRIES-LTD./ARENTERP/526662
BIL,https://www.bseindia.com/stock-share-price/BHARTIYA-INTERNATIONAL-LTD./BIL/526666
KAMATHOTEL,https://www.bseindia.com/stock-share-price/KAMAT-HOTELS-(INDIA)-LTD./KAMATHOTEL/526668
KEEPLEARN,https://www.bseindia.com/stock-share-price/DSJ-keep-Learning-Ltd/KEEPLEARN/526677
HOTELRUGBY,https://www.bseindia.com/stock-share-price/HOTEL-RUGBY-LTD./HOTELRUGBY/526683
ECOPLAST,https://www.bseindia.com/stock-share-price/ECOPLAST-LTD.-$/ECOPLAST/526703
ELEMARB,https://www.bseindia.com/stock-share-price/ELEGANT-MARBLES-&-GRANI-INDUSTRIES-LTD./ELEMARB/526705
ADARSHPL,https://www.bseindia.com/stock-share-price/ADARSH-PLANT-PROTECT-LTD./ADARSHPL/526711
HPBL,https://www.bseindia.com/stock-share-price/HCP-Plastene-Bulkpack-Ltd/HPBL/526717
NICCOPAR,https://www.bseindia.com/stock-share-price/NICCO-PARKS-&-RESORTS-LTD.-$/NICCOPAR/526721
NTCIND,https://www.bseindia.com/stock-share-price/NTC-INDUSTRIES-LTD./NTCIND/526723
SANDESH,https://www.bseindia.com/stock-share-price/SANDESH-LTD./SANDESH/526725
GARNET,https://www.bseindia.com/stock-share-price/GARNET-CONSTRUCTION-LTD./GARNET/526727
GOLDIAM,https://www.bseindia.com/stock-share-price/GOLDIAM-INTERNATIONAL-LTD./GOLDIAM/526729
BRIGHTBR,https://www.bseindia.com/stock-share-price/BRIGHT-BROTHERS-LTD.-$/BRIGHTBR/526731
CORPOCO,https://www.bseindia.com/stock-share-price/CORPORATE-COURIER-AND-CARGO-LTD./CORPOCO/526737
SHAWGELTIN,https://www.bseindia.com/stock-share-price/NARMADA-GELATINES-LTD./SHAWGELTIN/526739
PGFOILQ,https://www.bseindia.com/stock-share-price/PG-FOILS-LTD./PGFOILQ/526747
GRATEXI,https://www.bseindia.com/stock-share-price/GRATEX-INDUSTRIES-LTD./GRATEXI/526751
VELHO,https://www.bseindia.com/stock-share-price/VELAN-HOTELS-LTD./VELHO/526755
HOWARHO,https://www.bseindia.com/stock-share-price/HOWARD-HOTELS-LTD./HOWARHO/526761
PRESSURS,https://www.bseindia.com/stock-share-price/PRESSURE-SENSITIVE-SYSTEMS-(INDIA)-LTD./PRESSURS/526773
VALIANT,https://www.bseindia.com/stock-share-price/VALIANT-COMMUNICATIONS-LTD.-$/VALIANT/526775
DRAGARWQ,https://www.bseindia.com/stock-share-price/DR.AGARWALS-EYE-HOSPITAL-LTD.-$/DRAGARWQ/526783
MHSGRMS,https://www.bseindia.com/stock-share-price/MAHASAGAR-TRAVELS-LTD./MHSGRMS/526795
GREENPLY,https://www.bseindia.com/stock-share-price/GREENPLY-INDUSTRIES-LTD./GREENPLY/526797
UNQTYMI,https://www.bseindia.com/stock-share-price/UNION-QUALITY-PLASTICS-LTD./UNQTYMI/526799
SEAMECLTD,https://www.bseindia.com/stock-share-price/SEAMEC-LTD./SEAMECLTD/526807
RAGHUNAT,https://www.bseindia.com/stock-share-price/RAGHUNATH-INTERNATIONAL-LTD./RAGHUNAT/526813
CHEVIOT,https://www.bseindia.com/stock-share-price/CHEVIOT-CO.LTD.-$/CHEVIOT/526817
DAICHI,https://www.bseindia.com/stock-share-price/DAI-ICHI-KARKARIA-LTD.-$/DAICHI/526821
RAJINFRA,https://www.bseindia.com/stock-share-price/Rajeswari-Infrastructure-Limited/RAJINFRA/526823
SPICEISL,https://www.bseindia.com/stock-share-price/SPICE-ISLANDS-APPARELS-LTD.-$/SPICEISL/526827
CONFIPET,https://www.bseindia.com/stock-share-price/CONFIDENCE-PETROLEUM-INDIA-LTD./CONFIPET/526829
SIPL,https://www.bseindia.com/stock-share-price/SHELTER-INFRA-PROJECTS-LTD.-$/SIPL/526839
ASHSI,https://www.bseindia.com/stock-share-price/ASHIRWAD-STEELS-&-INDUSTRIES-LTD./ASHSI/526847
BANARBEADS,https://www.bseindia.com/stock-share-price/BANARAS-BEADS-LTD./BANARBEADS/526849
AREXMIS,https://www.bseindia.com/stock-share-price/AREX-INDUSTRIES-LTD./AREXMIS/526851
BI,https://www.bseindia.com/stock-share-price/BILCARE-LTD.-$/BI/526853
ISFL,https://www.bseindia.com/stock-share-price/ISF-LIMITED/ISFL/526859
RISHILASE,https://www.bseindia.com/stock-share-price/RISHI-LASER-LTD./RISHILASE/526861
JAINCO,https://www.bseindia.com/stock-share-price/JAINCO-PROJECTS-(INDIA)-LTD./JAINCO/526865
INTECCAP,https://www.bseindia.com/stock-share-price/INTEC-CAPITAL-LTD./INTECCAP/526871
RAJGASES,https://www.bseindia.com/stock-share-price/RAJASTHAN-GASES-LTD./RAJGASES/526873
SIDDHEGA,https://www.bseindia.com/stock-share-price/SIDDHESWARI-GARMENTS-LTD./SIDDHEGA/526877
63MOONS,https://www.bseindia.com/stock-share-price/63-Moons-Technologies-Ltd/63MOONS/526881
SARLAPOLY,https://www.bseindia.com/stock-share-price/SARLA-PERFORMANCE-FIBERS-LTD.-$/SARLAPOLY/526885
MKTCREAT,https://www.bseindia.com/stock-share-price/MARKET-CREATORS-LTD./MKTCREAT/526891
HFIL,https://www.bseindia.com/stock-share-price/Himalaya-Food-International-Ltd/HFIL/526899
SONALAD,https://www.bseindia.com/stock-share-price/SONAL-ADHESIVES-LTD./SONALAD/526901
PADMAIND,https://www.bseindia.com/stock-share-price/Padmanabh-Industries-Limited/PADMAIND/526905
21STCENMGM,https://www.bseindia.com/stock-share-price/TWENTYFIRST-CENTURY-MANAGEMENT-SERVICES-LTD./21STCENMGM/526921
HRYNSHP,https://www.bseindia.com/stock-share-price/HARIYANA-SHIP-BREAKERS-LTD.-$/HRYNSHP/526931
ARUNIS,https://www.bseindia.com/stock-share-price/Arunis-Abode-Ltd/ARUNIS/526935
TYROON,https://www.bseindia.com/stock-share-price/TYROON-TEA-CO.LTD./TYROON/526945
LAOPALA,https://www.bseindia.com/stock-share-price/LA-OPALA-RG-LTD./LAOPALA/526947
STYLAMIND,https://www.bseindia.com/stock-share-price/Stylam-Industries-Limited/STYLAMIND/526951
VENUSREM,https://www.bseindia.com/stock-share-price/VENUS-REMEDIES-LTD./VENUSREM/526953
WOODSVILA,https://www.bseindia.com/stock-share-price/WOODSVILLA-LTD./WOODSVILA/526959
LASTMILE,https://www.bseindia.com/stock-share-price/Last-Mile-Enterprises-Ltd/LASTMILE/526961
GUJCRAFT,https://www.bseindia.com/stock-share-price/GUJARAT-CRAFT-INDUSTRIES-LTD./GUJCRAFT/526965
HEERAISP,https://www.bseindia.com/stock-share-price/HEERA-ISPAT-LTD./HEERAISP/526967
DHOOTIN,https://www.bseindia.com/stock-share-price/DHOOT-INDUSTRIAL-FINANCE-LTD./DHOOTIN/526971
CRIMSON,https://www.bseindia.com/stock-share-price/Crimson-Metal-Engineering-Company-Ltd/CRIMSON/526977
SHBAJRG,https://www.bseindia.com/stock-share-price/Shri-Bajrang-Alliance-Ltd/SHBAJRG/526981
ASHOKRE,https://www.bseindia.com/stock-share-price/ASHOKA-REFINERIES-LTD./ASHOKRE/526983
URJAGLOBA,https://www.bseindia.com/stock-share-price/URJA-GLOBAL-LTD./URJAGLOBA/526987
ASHAPURMIN,https://www.bseindia.com/stock-share-price/ASHAPURA-MINECHEM-LTD./ASHAPURMIN/527001
SHREEPAC,https://www.bseindia.com/stock-share-price/SHREE-PACETRONIX-LTD./SHREEPAC/527005
GUJALKALI,https://www.bseindia.com/stock-share-price/GUJARAT-ALKALIES-&-CHEMICALS-LTD./GUJALKALI/530001
INDIACEM,https://www.bseindia.com/stock-share-price/INDIA-CEMENTS-LTD./INDIACEM/530005
JKTYRE,https://www.bseindia.com/stock-share-price/JK-TYRE-&-INDUSTRIES-LTD./JKTYRE/530007
MANGCHEFER,https://www.bseindia.com/stock-share-price/MANGALORE-CHEMICALS-&-FERTILIZERS-LTD./MANGCHEFER/530011
SIL,https://www.bseindia.com/stock-share-price/STANDARD-INDUSTRIES-LTD./SIL/530017
JUBLPHARMA,https://www.bseindia.com/stock-share-price/Jubilant-Pharmova-Ltd/JUBLPHARMA/530019
THEINVEST,https://www.bseindia.com/stock-share-price/The-Investment-Trust-Of-India-Ltd/THEINVEST/530023
SAMYAKINT,https://www.bseindia.com/stock-share-price/SAMYAK-INTERNATIONAL-LTD./SAMYAKINT/530025
AADIIND,https://www.bseindia.com/stock-share-price/AADI-INDUSTRIES-LTD./AADIIND/530027
SANTOSHF,https://www.bseindia.com/stock-share-price/SANTOSH-FINE-FAB-LTD./SANTOSHF/530035
SREEJAYA,https://www.bseindia.com/stock-share-price/SREE-JAYALAKSHMI-AUTOSPIN-LTD./SREEJAYA/530037
ACKNIT,https://www.bseindia.com/stock-share-price/ACKNIT-INDUSTRIES-LTD./ACKNIT/530043
TITANSEC,https://www.bseindia.com/stock-share-price/TITAN-SECURITIES-LTD./TITANSEC/530045
REALECO,https://www.bseindia.com/stock-share-price/Real-Eco-Energy-Ltd/REALECO/530053
HRMNYCP,https://www.bseindia.com/stock-share-price/HARMONY-CAPITAL-SERVICES-LTD./HRMNYCP/530055
VIVANZA,https://www.bseindia.com/stock-share-price/Vivanza-Biosciences-Ltd/VIVANZA/530057
YASHRAJC,https://www.bseindia.com/stock-share-price/YASHRAJ-CONTAINEURS-LTD./YASHRAJC/530063
LORDSHOTL,https://www.bseindia.com/stock-share-price/Lords-Ishwar-Hotels-Limited/LORDSHOTL/530065
CSLFINANCE,https://www.bseindia.com/stock-share-price/CSL-Finance-Ltd/CSLFINANCE/530067
SANGHVIMOV,https://www.bseindia.com/stock-share-price/SANGHVI-MOVERS-LTD./SANGHVIMOV/530073
SELAN,https://www.bseindia.com/stock-share-price/SELAN-EXPLORATION-TECHNOLOGY-LTD.-$/SELAN/530075
FRSHTRP,https://www.bseindia.com/stock-share-price/FRESHTROP-FRUITS-LTD./FRSHTRP/530077
FAZE3Q,https://www.bseindia.com/stock-share-price/FAZE-THREE-LTD.-$/FAZE3Q/530079
PRADHIN,https://www.bseindia.com/stock-share-price/Pradhin-Ltd/PRADHIN/530095
ANUPAM,https://www.bseindia.com/stock-share-price/Anupam-Finserv-Ltd/ANUPAM/530109
RAJPACK,https://www.bseindia.com/stock-share-price/RAJ-PACKAGING-INDUSTRIES-LTD./RAJPACK/530111
PRIVISCL,https://www.bseindia.com/stock-share-price/Privi-Speciality-Chemicals-Ltd/PRIVISCL/530117
NATRAJPR,https://www.bseindia.com/stock-share-price/NATRAJ-PROTEINS-LTD./NATRAJPR/530119
SAMRATPH,https://www.bseindia.com/stock-share-price/SAMRAT-PHARMACHEM-LTD.-$/SAMRATPH/530125
NPRFIN,https://www.bseindia.com/stock-share-price/NPR-FINANCE-LTD./NPRFIN/530127
NILE,https://www.bseindia.com/stock-share-price/NILE-LTD./NILE/530129
UDAICEMENT,https://www.bseindia.com/stock-share-price/UDAIPUR-CEMENT-WORKS-LTD./UDAICEMENT/530131
AMCOIND,https://www.bseindia.com/stock-share-price/AMCO-INDIA-LTD.-$/AMCOIND/530133
OPTIEMUS,https://www.bseindia.com/stock-share-price/Optiemus-Infracom-Ltd/OPTIEMUS/530135
KREONFIN,https://www.bseindia.com/stock-share-price/KREON-FINNANCIAL-SERVICES-LTD./KREONFIN/530139
KISAN,https://www.bseindia.com/stock-share-price/KISAN-MOULDINGS-LTD.-$/KISAN/530145
VIJAYTX,https://www.bseindia.com/stock-share-price/VIJAY-TEXTILES-LTD./VIJAYTX/530151
GARODCH,https://www.bseindia.com/stock-share-price/GARODIA-CHEMICALS-LTD./GARODCH/530161
KERALAYUR,https://www.bseindia.com/stock-share-price/KERALA-AYURVEDA-LTD./KERALAYUR/530163
MONGIPA,https://www.bseindia.com/stock-share-price/MOONGIPA-CAPITAL-FINANCE-LTD./MONGIPA/530167
MOHITPPR,https://www.bseindia.com/stock-share-price/MOHIT-PAPER-MILLS-LTD./MOHITPPR/530169
DAULAT,https://www.bseindia.com/stock-share-price/DAULAT-SECURITIES-LTD./DAULAT/530171
OSCARGLO,https://www.bseindia.com/stock-share-price/OSCAR-GLOBAL-LTD./OSCARGLO/530173
ODYSSEY,https://www.bseindia.com/stock-share-price/ODYSSEY-TECHNOLOGIES-LTD.-$/ODYSSEY/530175
RSCINT,https://www.bseindia.com/stock-share-price/RSC-INTERNATIONAL-LTD./RSCINT/530179
SURATEX,https://www.bseindia.com/stock-share-price/SURAT-TEXTILE-MILLS-LTD./SURATEX/530185
ATHARVENT,https://www.bseindia.com/stock-share-price/ATHARV-ENTERPRISES-LTD./ATHARVENT/530187
FUNDVISER,https://www.bseindia.com/stock-share-price/Fundviser-Capital-(India)-Ltd/FUNDVISER/530197
THEMISMED,https://www.bseindia.com/stock-share-price/THEMIS-MEDICARE-LTD./THEMISMED/530199
KALLAM,https://www.bseindia.com/stock-share-price/Kallam-Textiles-Ltd-$/KALLAM/530201
BRAWN,https://www.bseindia.com/stock-share-price/BRAWN-BIOTECH-LTD./BRAWN/530207
FORINTL,https://www.bseindia.com/stock-share-price/FORTUNE-INTERNATIONAL-LTD./FORINTL/530213
KINGSINFR,https://www.bseindia.com/stock-share-price/Kings-Infra-Ventures-Limited/KINGSINFR/530215
NUTRICIRCLE,https://www.bseindia.com/stock-share-price/Nutricircle-Ltd/NUTRICIRCLE/530219
SUBSM,https://www.bseindia.com/stock-share-price/SUBHASH-SILK-MILLS-LTD./SUBSM/530231
AUROLAB,https://www.bseindia.com/stock-share-price/AURO-LABORATORIES-LTD./AUROLAB/530233
KJMCFIN,https://www.bseindia.com/stock-share-price/KJMC-FINANCIAL-SERVICES-LTD./KJMCFIN/530235
SUVEN,https://www.bseindia.com/stock-share-price/SUVEN-LIFE-SCIENCES-LTD./SUVEN/530239
ARYAMAN,https://www.bseindia.com/stock-share-price/ARYAMAN-FINANCIAL-SERVICES-LTD./ARYAMAN/530245
BRIDGESE,https://www.bseindia.com/stock-share-price/BRIDGE-SECURITIES-LTD./BRIDGESE/530249
RAJTUBE,https://www.bseindia.com/stock-share-price/RAJASTHAN-TUBE-MANUFACTURING-CO.LTD./RAJTUBE/530253
KAYPOWR,https://www.bseindia.com/stock-share-price/KAY-POWER-AND-PAPER-LTD./KAYPOWR/530255
INTSTOIL,https://www.bseindia.com/stock-share-price/INTER-STATE-OIL-CARRIER-LTD./INTSTOIL/530259
GLOBALCA,https://www.bseindia.com/stock-share-price/GLOBAL-CAPITAL-MARKETS-LTD./GLOBALCA/530263
SAINIK,https://www.bseindia.com/stock-share-price/SAINIK-FINANCE-&-INDUSTRIES-LTD./SAINIK/530265
SABOOBR,https://www.bseindia.com/stock-share-price/SABOO-BROTHERS-LTD./SABOOBR/530267
RICHUNV,https://www.bseindia.com/stock-share-price/RICH-UNIVERSE-NETWORK-LTD./RICHUNV/530271
QUANTDIA,https://www.bseindia.com/stock-share-price/QUANTUM-DIGITAL-VISION-(INDIA)-LTD./QUANTDIA/530281
SPCAPIT,https://www.bseindia.com/stock-share-price/SP-CAPITAL-FINANCING-LTD./SPCAPIT/530289
PAOS,https://www.bseindia.com/stock-share-price/Paos-Industries-Ltd/PAOS/530291
KOTHARIPRO,https://www.bseindia.com/stock-share-price/KOTHARI-PRODUCTS-LTD./KOTHARIPRO/530299
PICCADIL,https://www.bseindia.com/stock-share-price/PICCADILY-AGRO-INDUSTRIES-LTD./PICCADIL/530305
CHAMANSEQ,https://www.bseindia.com/stock-share-price/CHAMAN-LAL-SETIA-EXPORTS-LTD.-$/CHAMANSEQ/530307
CHANDRAP,https://www.bseindia.com/stock-share-price/CHANDRA-PRABHU-INTERNATIONAL-LTD.-$/CHANDRAP/530309
KIMIABL,https://www.bseindia.com/stock-share-price/Kimia-Biosciences-Ltd/KIMIABL/530313
HINDTIN,https://www.bseindia.com/stock-share-price/HINDUSTAN-TIN-WORKS-LTD.-$/HINDTIN/530315
GODAVARI,https://www.bseindia.com/stock-share-price/GODAVARI-DRUGS-LTD./GODAVARI/530317
PREMCO,https://www.bseindia.com/stock-share-price/PREMCO-GLOBAL-LTD.-$/PREMCO/530331
MUKESHB,https://www.bseindia.com/stock-share-price/MUKESH-BABU-FINANCIAL-SERVICES-LTD./MUKESHB/530341
GENUSPOWER,https://www.bseindia.com/stock-share-price/GENUS-POWER-INFRASTRUCTURES-LTD.-$/GENUSPOWER/530343
ASIANENE,https://www.bseindia.com/stock-share-price/Asian-Energy-Services-Ltd/ASIANENE/530355
KBSINDIA,https://www.bseindia.com/stock-share-price/KBS-INDIA-LIMITED/KBSINDIA/530357
UGARSUGAR,https://www.bseindia.com/stock-share-price/UGAR-SUGAR-WORKS-LTD.-$/UGARSUGAR/530363
ORIENTBELL,https://www.bseindia.com/stock-share-price/ORIENT-BELL-LIMITED-$/ORIENTBELL/530365
NRBBEARING,https://www.bseindia.com/stock-share-price/NRB-BEARINGS-LTD./NRBBEARING/530367
VAMSHIRU,https://www.bseindia.com/stock-share-price/VAMSHI-RUBBER-LTD./VAMSHIRU/530369
NILA,https://www.bseindia.com/stock-share-price/NILA-INFRASTRUCTURES-LTD./NILA/530377
DBSTOCKBRO,https://www.bseindia.com/stock-share-price/DB-(INTERNATIONAL)-STOCK-BROKERS-LTD./DBSTOCKBRO/530393
VINYOFL,https://www.bseindia.com/stock-share-price/VINYOFLEX-LTD./VINYOFL/530401
JINDCAP,https://www.bseindia.com/stock-share-price/JINDAL-CAPITAL-LTD./JINDCAP/530405
EPIC,https://www.bseindia.com/stock-share-price/EPIC-ENERGY-LTD.-$/EPIC/530407
SUMEDHA,https://www.bseindia.com/stock-share-price/SUMEDHA-FISCAL-SERVICES-LTD./SUMEDHA/530419
KUWERIN,https://www.bseindia.com/stock-share-price/KUWER-INDUSTRIES-LTD./KUWERIN/530421
CHOKSI,https://www.bseindia.com/stock-share-price/CHOKSI-IMAGING-LTD./CHOKSI/530427
ASHISHPO,https://www.bseindia.com/stock-share-price/ASHISH-POLYPLAST-LTD./ASHISHPO/530429
ADORFO,https://www.bseindia.com/stock-share-price/ADOR-FONTECH-LTD.-$/ADORFO/530431
SHIVAAGRO,https://www.bseindia.com/stock-share-price/SHIVA-GLOBAL-AGRO-INDUSTRIES-LTD./SHIVAAGRO/530433
SIDDHA,https://www.bseindia.com/stock-share-price/SIDDHA-VENTURES-LTD./SIDDHA/530439
KIRANSY-B,https://www.bseindia.com/stock-share-price/KIRAN-SYNTEX-LTD./KIRANSY-B/530443
SUMERUIND,https://www.bseindia.com/stock-share-price/SUMERU-INDUSTRIES-LTD./SUMERUIND/530445
RUNGTAIR,https://www.bseindia.com/stock-share-price/RUNGTA-IRRIGATION-LTD./RUNGTAIR/530449
CINERAD,https://www.bseindia.com/stock-share-price/CINERAD-COMMUNICATIONS-LTD./CINERAD/530457
VALSONQ,https://www.bseindia.com/stock-share-price/VALSON-INDUSTRIES-LTD.-$/VALSONQ/530459
SABOOSOD,https://www.bseindia.com/stock-share-price/SABOO-SODIUM-CHLORO-LTD./SABOOSOD/530461
GSLSEC,https://www.bseindia.com/stock-share-price/GSL-SECURITIES-LTD./GSLSEC/530469
TINNARUBR,https://www.bseindia.com/stock-share-price/Tinna-Rubber-and-Infrastructure-Limited/TINNARUBR/530475
VIKRAMTH,https://www.bseindia.com/stock-share-price/VIKRAM-THERMO-(INDIA)-LTD./VIKRAMTH/530477
STRATMONT,https://www.bseindia.com/stock-share-price/Stratmont-Industries-Ltd/STRATMONT/530495
AKCAPIT,https://www.bseindia.com/stock-share-price/A.K.CAPITAL-SERVICES-LTD./AKCAPIT/530499
RELAXO,https://www.bseindia.com/stock-share-price/RELAXO-FOOTWEARS-LTD.-$/RELAXO/530517
VIRAT,https://www.bseindia.com/stock-share-price/VIRAT-INDUSTRIES-LTD./VIRAT/530521
SHEETAL,https://www.bseindia.com/stock-share-price/SHEETAL-DIAMONDS-LTD./SHEETAL/530525
TERAI,https://www.bseindia.com/stock-share-price/TERAI-TEA-CO.LTD./TERAI/530533
MANRAJH,https://www.bseindia.com/stock-share-price/MANRAJ-HOUSING-FINANCE-LTD./MANRAJH/530537
COSCO,https://www.bseindia.com/stock-share-price/COSCO-(INDIA)-LTD.-$/COSCO/530545
SHILPAMED,https://www.bseindia.com/stock-share-price/SHILPA-MEDICARE-LTD./SHILPAMED/530549
PARACABLES,https://www.bseindia.com/stock-share-price/PARAMOUNT-COMMUNICATIONS-LTD.-$/PARACABLES/530555
NCLRESE,https://www.bseindia.com/stock-share-price/NCL-RESEARCH-&-FINANCIAL-SERVICES-LTD./NCLRESE/530557
SSLFINANCE,https://www.bseindia.com/stock-share-price/ARCHANA-SOFTWARE-LTD./SSLFINANCE/530565
EXPLICITFIN,https://www.bseindia.com/stock-share-price/EXPLICIT-FINANCE-LTD./EXPLICITFIN/530571
LADDERUP,https://www.bseindia.com/stock-share-price/LADDERUP-FINANCE-LTD./LADDERUP/530577
UYFINCORP,https://www.bseindia.com/stock-share-price/U.-Y.-Fincorp-Ltd/UYFINCORP/530579
EKAMLEA,https://www.bseindia.com/stock-share-price/EKAM-LEASING-&-FINANCE-CO.LTD./EKAMLEA/530581
SWASTIKA,https://www.bseindia.com/stock-share-price/SWASTIKA-INVESTMART-LTD./SWASTIKA/530585
PRIMAPLA,https://www.bseindia.com/stock-share-price/PRIMA-PLASTICS-LTD./PRIMAPLA/530589
TELECANOR,https://www.bseindia.com/stock-share-price/TELECANOR-GLOBAL-LTD./TELECANOR/530595
JAGSONFI,https://www.bseindia.com/stock-share-price/JAGSONPAL-FINANCE-&-LEASING-LTD./JAGSONFI/530601
CARNATIN,https://www.bseindia.com/stock-share-price/CARNATION-INDUSTRIES-LTD./CARNATIN/530609
STURDY,https://www.bseindia.com/stock-share-price/STURDY-INDUSTRIES-LTD./STURDY/530611
GARGFUR,https://www.bseindia.com/stock-share-price/GARG-FURNACE-LTD./GARGFUR/530615
SAMPRE,https://www.bseindia.com/stock-share-price/SAMPRE-NUTRITIONS-LTD./SAMPRE/530617
AAIL,https://www.bseindia.com/stock-share-price/Akar-Auto-Industries-Ltd/AAIL/530621
VIPULORG,https://www.bseindia.com/stock-share-price/Vipul-Organics-Ltd/VIPULORG/530627
ECORECO,https://www.bseindia.com/stock-share-price/ECO-RECYCLING-LTD./ECORECO/530643
GOODLUCK,https://www.bseindia.com/stock-share-price/Goodluck-India-Ltd/GOODLUCK/530655
GOYALASS,https://www.bseindia.com/stock-share-price/GOYAL-ASSOCIATES-LTD./GOYALASS/530663
ZENITHHE,https://www.bseindia.com/stock-share-price/ZENITH-HEALTH-CARE-LTD./ZENITHHE/530665
ACEENGITEC,https://www.bseindia.com/stock-share-price/Ace-Engitech-Ltd/ACEENGITEC/530669
YORKEXP,https://www.bseindia.com/stock-share-price/YORK-EXPORTS-LTD./YORKEXP/530675
SUPREME,https://www.bseindia.com/stock-share-price/SUPREME-HOLDINGS-&-HOSPITALITY-(INDIA)-LTD./SUPREME/530677
LYKISLTD,https://www.bseindia.com/stock-share-price/Lykis-Limited/LYKISLTD/530689
PRIMEPRO,https://www.bseindia.com/stock-share-price/PRIME-PROPERTY-DEVELOPMENT-CORPORATION-LTD.-$/PRIMEPRO/530695
ZENLABS,https://www.bseindia.com/stock-share-price/Zenlabs-Ethica-Ltd/ZENLABS/530697
RAJRAYON,https://www.bseindia.com/stock-share-price/Raj-Rayon-Industries-Limited-$/RAJRAYON/530699
FLORATX,https://www.bseindia.com/stock-share-price/FLORA-TEXTILES-LTD./FLORATX/530705
GOWRALE,https://www.bseindia.com/stock-share-price/GOWRA-LEASING-&-FINANCE-LTD./GOWRALE/530709
JAGANLAM,https://www.bseindia.com/stock-share-price/JAGAN-LAMPS-LTD./JAGANLAM/530711
AJEL,https://www.bseindia.com/stock-share-price/AJEL-LTD./AJEL/530713
ALPSINDUS,https://www.bseindia.com/stock-share-price/ALPS-INDUSTRIES-LTD./ALPSINDUS/530715
ASITCFIN,https://www.bseindia.com/stock-share-price/ASIT-C.MEHTA-FINANCIAL-SERVICES-LTD./ASITCFIN/530723
ENCODE,https://www.bseindia.com/stock-share-price/Encode-Packaging-India-Ltd/ENCODE/530733
SUPERBAK,https://www.bseindia.com/stock-share-price/SUPER-BAKERS-(INDIA)-LTD./SUPERBAK/530735
OVOBELE,https://www.bseindia.com/stock-share-price/OVOBEL-FOODS-LTD./OVOBELE/530741
INDOASIAF,https://www.bseindia.com/stock-share-price/INDO-ASIAN-FINANCE-LTD./INDOASIAF/530747
CORNE,https://www.bseindia.com/stock-share-price/CORAL-NEWSPRINTS-LTD./CORNE/530755
STERTOOLS,https://www.bseindia.com/stock-share-price/STERLING-TOOLS-LTD.-$/STERTOOLS/530759
INFRAIND,https://www.bseindia.com/stock-share-price/INFRA-INDUSTRIES-LTD./INFRAIND/530777
INLANPR,https://www.bseindia.com/stock-share-price/INLAND-PRINTERS-LTD./INLANPR/530787
CEEJAY,https://www.bseindia.com/stock-share-price/CEEJAY-FINANCE-LTD./CEEJAY/530789
SUNCITYSY,https://www.bseindia.com/stock-share-price/SUNCITY-SYNTHETICS-LTD./SUNCITYSY/530795
SHGANEL,https://www.bseindia.com/stock-share-price/SHREE-GANESH-ELASTOPLAST-LTD./SHGANEL/530797
ANNAINFRA,https://www.bseindia.com/stock-share-price/ANNA-INFRASTRUCTURES-LTD./ANNAINFRA/530799
BHAGIL,https://www.bseindia.com/stock-share-price/Bhageria-Industries-Ltd/BHAGIL/530803
BNRUDY,https://www.bseindia.com/stock-share-price/BNR-UDYOG-LTD./BNRUDY/530809
KRBL,https://www.bseindia.com/stock-share-price/KRBL-LTD./KRBL/530813
REFNOL,https://www.bseindia.com/stock-share-price/REFNOL-RESINS-&-CHEMICALS-LTD./REFNOL/530815
SSPDL,https://www.bseindia.com/stock-share-price/SSPDL-LTD.-$/SSPDL/530821
DAIKAFFI,https://www.bseindia.com/stock-share-price/DAIKAFFIL-CHEMICALS-INDIA-LTD./DAIKAFFI/530825
CILSEC,https://www.bseindia.com/stock-share-price/CIL-SECURITIES-LTD./CILSEC/530829
CLIOINFO,https://www.bseindia.com/stock-share-price/CLIO-INFOTECH-LTD./CLIOINFO/530839
SHRIBCL,https://www.bseindia.com/stock-share-price/Shri-Bholanath-Carpets-Ltd/SHRIBCL/530841
CUPID,https://www.bseindia.com/stock-share-price/CUPID-LTD.-$/CUPID/530843
SUNSHIEL,https://www.bseindia.com/stock-share-price/SUNSHIELD-CHEMICALS-LTD./SUNSHIEL/530845
HIPOLIN,https://www.bseindia.com/stock-share-price/HIPOLIN-LTD./HIPOLIN/530853
GDLLEAS,https://www.bseindia.com/stock-share-price/GDL-LEASING-&-FINANCE-LTD./GDLLEAS/530855
CHEMBOND,https://www.bseindia.com/stock-share-price/CHEMBOND-CHEMICALS-LTD.-$/CHEMBOND/530871
CIFL,https://www.bseindia.com/stock-share-price/Capital-India-Finance-Ltd/CIFL/530879
SUCROSA,https://www.bseindia.com/stock-share-price/SUPER-CROP-SAFE-LTD./SUCROSA/530883
NGIND,https://www.bseindia.com/stock-share-price/N.G.INDUSTRIES-LTD.-$/NGIND/530897
ASIAPAK,https://www.bseindia.com/stock-share-price/ASIA-PACK-LTD./ASIAPAK/530899
ERPSOFT,https://www.bseindia.com/stock-share-price/ERP-SOFT-SYSTEMS-LTD./ERPSOFT/530909
JRFOODS,https://www.bseindia.com/stock-share-price/J.R.FOODS-LTD./JRFOODS/530915
RRSECUR,https://www.bseindia.com/stock-share-price/R.R.SECURITIES-LTD./RRSECUR/530917
REMSONSIND,https://www.bseindia.com/stock-share-price/REMSONS-INDUSTRIES-LTD./REMSONSIND/530919
RAMSONS,https://www.bseindia.com/stock-share-price/RAMSONS-PROJECTS-LTD./RAMSONS/530925
EUROASIA,https://www.bseindia.com/stock-share-price/EURO-ASIA-EXPORTS-LTD./EUROASIA/530929
STANPACK,https://www.bseindia.com/stock-share-price/STANPACKS-(INDIA)-LTD./STANPACK/530931
RAMINFO,https://www.bseindia.com/stock-share-price/RAMINFO-LIMITED/RAMINFO/530951
SUNILAGR,https://www.bseindia.com/stock-share-price/SUNIL-AGRO-FOODS-LTD.-$/SUNILAGR/530953
DIANATEA,https://www.bseindia.com/stock-share-price/DIANA-TEA-CO.LTD./DIANATEA/530959
VIKASECO,https://www.bseindia.com/stock-share-price/Vikas-EcoTech-Ltd/VIKASECO/530961
IOC,https://www.bseindia.com/stock-share-price/INDIAN-OIL-CORPORATION-LTD./IOC/530965
ALFAICA,https://www.bseindia.com/stock-share-price/ALFA-ICA-(INDIA)-LTD./ALFAICA/530973
SKCIL,https://www.bseindia.com/stock-share-price/Shri-Keshav-Cements-And-Infra-Ltd/SKCIL/530977
INDIAHOME,https://www.bseindia.com/stock-share-price/INDIA-HOME-LOAN-LTD./INDIAHOME/530979
ROOPAIND,https://www.bseindia.com/stock-share-price/ROOPA-INDUSTRIES-LTD./ROOPAIND/530991
SARTHAKGL,https://www.bseindia.com/stock-share-price/SARTHAK-GLOBAL-LTD./SARTHAKGL/530993
UNIQUEO,https://www.bseindia.com/stock-share-price/UNIQUE-ORGANICS-LTD./UNIQUEO/530997
BALAMINES,https://www.bseindia.com/stock-share-price/BALAJI-AMINES-LTD.-$/BALAMINES/530999
SWRNASE,https://www.bseindia.com/stock-share-price/SWARNA-SECURITIES-LTD./SWRNASE/531003
ARISE,https://www.bseindia.com/stock-share-price/ARIHANT'S-SECURITIES-LTD./ARISE/531017
VISAGAR,https://www.bseindia.com/stock-share-price/VISAGAR-FINANCIAL-SERVICES-LTD./VISAGAR/531025
LIBORD,https://www.bseindia.com/stock-share-price/LIBORD-SECURITIES-LTD./LIBORD/531027
JRELTD,https://www.bseindia.com/stock-share-price/Justride-Enterprises-Ltd/JRELTD/531035
COMPEAU,https://www.bseindia.com/stock-share-price/COMPETENT-AUTOMOBILES-CO.LTD./COMPEAU/531041
ZDHJERK,https://www.bseindia.com/stock-share-price/DHANVANTRI-JEEVAN-REKHA-LTD./ZDHJERK/531043
NEELKAN,https://www.bseindia.com/stock-share-price/NEELKANTH-ROCKMINERALS-LTD./NEELKAN/531049
VINTAGES,https://www.bseindia.com/stock-share-price/VINTAGE-SECURITIES-LTD./VINTAGES/531051
OSWALOR,https://www.bseindia.com/stock-share-price/OSWAL-OVERSEAS-LTD./OSWALOR/531065
CONTILI,https://www.bseindia.com/stock-share-price/CONTIL-INDIA-LTD./CONTILI/531067
VIJSOLX,https://www.bseindia.com/stock-share-price/VIJAY-SOLVEX-LTD./VIJSOLX/531069
SHRIKRISH,https://www.bseindia.com/stock-share-price/SHRI-KRISHNA-DEVCON-LTD./SHRIKRISH/531080
ALANKIT,https://www.bseindia.com/stock-share-price/Alankit-Ltd/ALANKIT/531082
NIHARINF,https://www.bseindia.com/stock-share-price/NIHAR-INFO-GLOBAL-LTD./NIHARINF/531083
UNITDCR,https://www.bseindia.com/stock-share-price/UNITED-CREDIT-LTD./UNITDCR/531091
OMINFRAL,https://www.bseindia.com/stock-share-price/OM-Infra-Ltd/OMINFRAL/531092
RUBRAME,https://www.bseindia.com/stock-share-price/RUBRA-MEDICAMENTS-LTD./RUBRAME/531099
ISHANCH,https://www.bseindia.com/stock-share-price/ISHAN-DYES-&-CHEMICALS-LTD./ISHANCH/531109
GOTHIPL,https://www.bseindia.com/stock-share-price/GOTHI-PLASCON-(INDIA)-LTD./GOTHIPL/531111
BALUFORGE,https://www.bseindia.com/stock-share-price/Balu-Forge-Industries-Ltd/BALUFORGE/531112
CEENIK,https://www.bseindia.com/stock-share-price/CEENIK-EXPORTS-(INDIA)-LTD./CEENIK/531119
PATELENG,https://www.bseindia.com/stock-share-price/PATEL-ENGINEERING-LTD.-$/PATELENG/531120
MENAMANI,https://www.bseindia.com/stock-share-price/Mena-Mani-Industries-Ltd/MENAMANI/531127
INANI,https://www.bseindia.com/stock-share-price/INANI-MARBLES-&-INDUSTRIES-LTD./INANI/531129
GEMSI,https://www.bseindia.com/stock-share-price/GEMSTONE-INVESTMENTS-LTD./GEMSI/531137
MEDICAMEQ,https://www.bseindia.com/stock-share-price/MEDICAMEN-BIOTECH-LTD.-$/MEDICAMEQ/531146
ALICON,https://www.bseindia.com/stock-share-price/Alicon-Castalloy-Limited/ALICON/531147
DILIGENT,https://www.bseindia.com/stock-share-price/DILIGENT-INDUSTRIES-LTD./DILIGENT/531153
ALFAVIO,https://www.bseindia.com/stock-share-price/ALFAVISION-OVERSEAS-(INDIA)-LTD./ALFAVIO/531156
ORGCOAT,https://www.bseindia.com/stock-share-price/ORGANIC-COATINGS-LTD./ORGCOAT/531157
CATVISION,https://www.bseindia.com/stock-share-price/Catvision-Limited/CATVISION/531158
ABMKNO,https://www.bseindia.com/stock-share-price/ABM-KNOWLEDGEWARE-LTD./ABMKNO/531161
EMAMILTD,https://www.bseindia.com/stock-share-price/EMAMI-LTD.-$/EMAMILTD/531162
KEMISTAR,https://www.bseindia.com/stock-share-price/Kemistar-Corporation-Limited/KEMISTAR/531163
SKPSEC,https://www.bseindia.com/stock-share-price/SKP-SECURITIES-LTD./SKPSEC/531169
SYSCHEM,https://www.bseindia.com/stock-share-price/SYSCHEM-(INDIA)-LTD./SYSCHEM/531173
BLSINFOTE,https://www.bseindia.com/stock-share-price/BLS-INFOTECH-LTD./BLSINFOTE/531175
MEFCOMCAP,https://www.bseindia.com/stock-share-price/MEFCOM-CAPITAL-MARKETS-LTD./MEFCOMCAP/531176
HEMANG,https://www.bseindia.com/stock-share-price/Hemang-Resources-Ltd/HEMANG/531178
ARMANFIN,https://www.bseindia.com/stock-share-price/ARMAN-FINANCIAL-SERVICES-LTD./ARMANFIN/531179
TAVERNIER,https://www.bseindia.com/stock-share-price/Tavernier-Resources-Limi/TAVERNIER/531190
DHANADACO,https://www.bseindia.com/stock-share-price/DHANADA-CORPORATION-LTD./DHANADACO/531198
GLANCE,https://www.bseindia.com/stock-share-price/GLANCE-FINANCE-LTD./GLANCE/531199
SHILCTECH,https://www.bseindia.com/stock-share-price/SHILCHAR-TECHNOLOGIES-LTD./SHILCTECH/531201
TRADEWELL,https://www.bseindia.com/stock-share-price/Tradewell-Holdings-Ltd/TRADEWELL/531203
TINEAGRO,https://www.bseindia.com/stock-share-price/Tine-Agro-Ltd/TINEAGRO/531205
NUCLEUS,https://www.bseindia.com/stock-share-price/NUCLEUS-SOFTWARE-EXPORTS-LTD./NUCLEUS/531209
COLINZ,https://www.bseindia.com/stock-share-price/COLINZ-LABORATORIES-LTD./COLINZ/531210
WELLNESS,https://www.bseindia.com/stock-share-price/WELLNESS-NONI-LTD./WELLNESS/531211
NLFL,https://www.bseindia.com/stock-share-price/NALIN-LEASE-FINANCE-LTD./NLFL/531212
MANAPPURAM,https://www.bseindia.com/stock-share-price/MANAPPURAM-FINANCE-LTD./MANAPPURAM/531213
RTSPOWR,https://www.bseindia.com/stock-share-price/RTS-POWER-CORPORATION-LTD./RTSPOWR/531215
COMFINTE,https://www.bseindia.com/stock-share-price/COMFORT-INTECH-LTD.-$/COMFINTE/531216
MAYURFL,https://www.bseindia.com/stock-share-price/MAYUR-FLOORINGS-LTD./MAYURFL/531221
ANJANI,https://www.bseindia.com/stock-share-price/ANJANI-SYNTHETICS-LTD.-$/ANJANI/531223
XTGLOBAL,https://www.bseindia.com/stock-share-price/Xtglobal-Infotech-Ltd/XTGLOBAL/531225
DECOMIC,https://www.bseindia.com/stock-share-price/DECO-MICA-LTD./DECOMIC/531227
RANDER,https://www.bseindia.com/stock-share-price/RANDER-CORPORATION-LTD./RANDER/531228
RASIELEC,https://www.bseindia.com/stock-share-price/RASI-ELECTRODES-LTD./RASIELEC/531233
SCOOBEEDAY,https://www.bseindia.com/stock-share-price/Scoobee-Day-Garments-(India)-Ltd/SCOOBEEDAY/531234
CITIPOR,https://www.bseindia.com/stock-share-price/CITIPORT-FINANCIAL-SERVICES-LTD./CITIPOR/531235
DHRUVCA,https://www.bseindia.com/stock-share-price/DHRUVA-CAPITAL-SERVICES-LTD./DHRUVCA/531237
SHAMROIN,https://www.bseindia.com/stock-share-price/SHAMROCK-INDUSTRIAL-CO.LTD./SHAMROIN/531240
LINC,https://www.bseindia.com/stock-share-price/Linc-Ltd-$/LINC/531241
PRIMAIN,https://www.bseindia.com/stock-share-price/PRIMA-INDUSTRIES-LTD./PRIMAIN/531246
ANERI,https://www.bseindia.com/stock-share-price/Aneri-Fincap-Ltd/ANERI/531252
INDGELA,https://www.bseindia.com/stock-share-price/INDIA-GELATINE-&-CHEMICALS-LTD.-$/INDGELA/531253
OPTIFIN,https://www.bseindia.com/stock-share-price/Optimus-Finance-Ltd/OPTIFIN/531254
PARAGONF,https://www.bseindia.com/stock-share-price/PARAGON-FINANCE-LTD./PARAGONF/531255
PRATIKSH,https://www.bseindia.com/stock-share-price/PRATIKSHA-CHEMICALS-LTD./PRATIKSH/531257
ESHAMEDIA,https://www.bseindia.com/stock-share-price/Esha-Media-Research-Limited/ESHAMEDIA/531259
SUNEDISON,https://www.bseindia.com/stock-share-price/Sunedison-Infrastructure-Ltd/SUNEDISON/531260
PROGREXV,https://www.bseindia.com/stock-share-price/Progrex-Ventures-Ltd/PROGREXV/531265
VSTTILLERS,https://www.bseindia.com/stock-share-price/V.S.T.TILLERS-TRACTORS-LTD.-$/VSTTILLERS/531266
B2BSOFT,https://www.bseindia.com/stock-share-price/B2B-SOFTWARE-TECHNOLOGIES-LTD./B2BSOFT/531268
NIKKIGL,https://www.bseindia.com/stock-share-price/NIKKI-GLOBAL-FINANCE-LTD./NIKKIGL/531272
RADHEDE,https://www.bseindia.com/stock-share-price/RADHE-DEVELOPERS-(INDIA)-LTD./RADHEDE/531273
KINETRU,https://www.bseindia.com/stock-share-price/KINETIC-TRUST-LTD./KINETRU/531274
ELIXIR,https://www.bseindia.com/stock-share-price/Elixir-Capital-Ltd/ELIXIR/531278
TRISHAKT,https://www.bseindia.com/stock-share-price/TRISHAKTI-ELECTRONICS-&-INDUSTRIES-LTD./TRISHAKT/531279
PANKAJPO,https://www.bseindia.com/stock-share-price/PANKAJ-POLYMERS-LTD./PANKAJPO/531280
MARBLE,https://www.bseindia.com/stock-share-price/Marble-City-India-Ltd/MARBLE/531281
CINDRELL,https://www.bseindia.com/stock-share-price/CINDRELLA-FINANCIAL-SERVICES-LTD./CINDRELL/531283
NATPLASTI,https://www.bseindia.com/stock-share-price/NATIONAL-PLASTIC-TECHNOLOGIES-LTD./NATPLASTI/531287
LEADFIN,https://www.bseindia.com/stock-share-price/LEAD-FINANCIAL-SERVICES-LTD./LEADFIN/531288
NATFIT,https://www.bseindia.com/stock-share-price/National-Fittings-Limited/NATFIT/531289
ARTEFACT,https://www.bseindia.com/stock-share-price/ARTEFACT-PROJECTS-LTD./ARTEFACT/531297
AMITINT,https://www.bseindia.com/stock-share-price/AMIT-INTERNATIONAL-LTD./AMITINT/531300
HIGHSTREE,https://www.bseindia.com/stock-share-price/HIGH-STREET-FILATEX-LTD./HIGHSTREE/531301
NUTECGLOB,https://www.bseindia.com/stock-share-price/NUTECH-GLOBAL-LTD./NUTECGLOB/531304
DHPIND,https://www.bseindia.com/stock-share-price/DHP-INDIA-LTD./DHPIND/531306
RRIL,https://www.bseindia.com/stock-share-price/RRIL-Ltd/RRIL/531307
AVAILFC,https://www.bseindia.com/stock-share-price/AVAILABLE-FINANCE-LTD./AVAILFC/531310
INTCAPM,https://www.bseindia.com/stock-share-price/INTEGRA-CAPITAL-MANAGEMENT-LTD./INTCAPM/531314
HAVISHA,https://www.bseindia.com/stock-share-price/Sri-Havisha-Hospitality-And-Infrastructure-Ltd/HAVISHA/531322
JAYIND,https://www.bseindia.com/stock-share-price/Jayatma-Industries-Ltd/JAYIND/531323
ROSELABS,https://www.bseindia.com/stock-share-price/ROSELABS-FINANCE-LTD./ROSELABS/531324
CHARMS,https://www.bseindia.com/stock-share-price/CHARMS-INDUSTRIES-LTD./CHARMS/531327
KRETTOSYS,https://www.bseindia.com/stock-share-price/Kretto-Syscon-Ltd/KRETTOSYS/531328
VIKALPS,https://www.bseindia.com/stock-share-price/VIKALP-SECURITIES-LTD./VIKALPS/531334
ZYDUSWELL,https://www.bseindia.com/stock-share-price/ZYDUS-WELLNESS-LTD.-$/ZYDUSWELL/531335
WINPRO,https://www.bseindia.com/stock-share-price/WinPro-Industries-Ltd/WINPRO/531337
MILESTONE,https://www.bseindia.com/stock-share-price/MILESTONE-GLOBAL-LTD./MILESTONE/531338
BERVINL,https://www.bseindia.com/stock-share-price/BERVIN-INVESTMENT-&-LEASING-LTD./BERVINL/531340
GUJINV,https://www.bseindia.com/stock-share-price/GUJARAT-INVESTA-LTD./GUJINV/531341
INDINFRA,https://www.bseindia.com/stock-share-price/INDIA-INFRASPACE-LTD./INDINFRA/531343
CONCOR,https://www.bseindia.com/stock-share-price/CONTAINER-CORPORATION-OF-INDIA-LTD./CONCOR/531344
EASTRED,https://www.bseindia.com/stock-share-price/EASTERN-TREADS-LTD./EASTRED/531346
PANACEABIO,https://www.bseindia.com/stock-share-price/PANACEA-BIOTEC-LTD./PANACEABIO/531349
PEETISEC,https://www.bseindia.com/stock-share-price/PEETI-SECURITIES-LTD./PEETISEC/531352
MERMETL,https://www.bseindia.com/stock-share-price/MERCURY-METALS-LTD./MERMETL/531357
CHOICEIN,https://www.bseindia.com/stock-share-price/CHOICE-INTERNATIONAL-LTD./CHOICEIN/531358
SRAMSET,https://www.bseindia.com/stock-share-price/SHRIRAM-ASSET-MANAGEMENT-CO.LTD./SRAMSET/531359
GOLECHA,https://www.bseindia.com/stock-share-price/GOLECHHA-GLOBAL-FINANCE-LTD./GOLECHA/531360
EKANSH,https://www.bseindia.com/stock-share-price/Ekansh-Concepts-Ltd/EKANSH/531364
SPAR,https://www.bseindia.com/stock-share-price/Sparc-Electrex-Ltd/SPAR/531370
THEBYKE,https://www.bseindia.com/stock-share-price/THE-BYKE-HOSPITALITY-LTD./THEBYKE/531373
CSURGSU,https://www.bseindia.com/stock-share-price/CENTENIAL-SURGICAL-SUTURE-LTD./CSURGSU/531380
ARIHANT,https://www.bseindia.com/stock-share-price/ARIHANT-FOUNDATIONS-&-HOUSING-LTD.-$/ARIHANT/531381
HASTIFIN,https://www.bseindia.com/stock-share-price/HASTI-FINANCE-LTD./HASTIFIN/531387
UPSURGE,https://www.bseindia.com/stock-share-price/UPSURGE-INVESTMENT-&-FINANCE-LTD./UPSURGE/531390
PADAMCO,https://www.bseindia.com/stock-share-price/PADAM-COTTON-YARNS-LTD./PADAMCO/531395
WOMENNET,https://www.bseindia.com/stock-share-price/WOMEN-NETWORKS-LTD./WOMENNET/531396
POLYCON,https://www.bseindia.com/stock-share-price/POLYCON-INTERNATIONAL-LTD./POLYCON/531397
SOURCENTRL,https://www.bseindia.com/stock-share-price/SOURCE-NATURAL-FOODS-&-HERBAL-SUPPL-LTD./SOURCENTRL/531398
GGAUTO,https://www.bseindia.com/stock-share-price/G.G.AUTOMOTIVE-GEARS-LTD./GGAUTO/531399
ALMONDZ,https://www.bseindia.com/stock-share-price/ALMONDZ-GLOBAL-SECURITIES-LTD./ALMONDZ/531400
LWSKNIT,https://www.bseindia.com/stock-share-price/LWS-KNITWEAR-LTD./LWSKNIT/531402
ANSINDUS,https://www.bseindia.com/stock-share-price/ANS-Industries-Ltd/ANSINDUS/531406
TUNITEX,https://www.bseindia.com/stock-share-price/TUNI-TEXTILE-MILLS-LTD./TUNITEX/531411
RADIXIND,https://www.bseindia.com/stock-share-price/Radix-Industries-(India)-Limited/RADIXIND/531412
KIRANPR,https://www.bseindia.com/stock-share-price/KIRAN-PRINT-PACK-LTD./KIRANPR/531413
NARPROP,https://www.bseindia.com/stock-share-price/NARENDRA-PROPERTIES-LTD./NARPROP/531416
MEGACOR,https://www.bseindia.com/stock-share-price/MEGA-CORPORATION-LTD./MEGACOR/531417
TNPL,https://www.bseindia.com/stock-share-price/TAMIL-NADU-NEWSPRINT-&-PAPERS-LTD./TNPL/531426
SHAKTIPUMP,https://www.bseindia.com/stock-share-price/SHAKTI-PUMPS-(INDIA)-LTD.-$/SHAKTIPUMP/531431
SYTIXSE,https://www.bseindia.com/stock-share-price/SYSTEMATIX-SECURITIES-LTD./SYTIXSE/531432
SUNGOLD,https://www.bseindia.com/stock-share-price/SUNGOLD-CAPITAL-LTD./SUNGOLD/531433
SAFFRON,https://www.bseindia.com/stock-share-price/Saffron-Industries-Limited/SAFFRON/531436
PWASML,https://www.bseindia.com/stock-share-price/Prakash-Woollen-&-Synthetic-Mills-Ltd/PWASML/531437
GOLDTECH,https://www.bseindia.com/stock-share-price/GOLDSTONE-TECHNOLOGIES-LTD./GOLDTECH/531439
VARDHMAN,https://www.bseindia.com/stock-share-price/Vardhman-Concrete-Limited/VARDHMAN/531444
GRMOVER,https://www.bseindia.com/stock-share-price/GRM-OVERSEAS-LTD./GRMOVER/531449
MOHITIND,https://www.bseindia.com/stock-share-price/MOHIT-INDUSTRIES-LTD.-$/MOHITIND/531453
POLYLINK,https://www.bseindia.com/stock-share-price/POLYLINK-POLYMERS-(INDIA)-LTD./POLYLINK/531454
MINAXI,https://www.bseindia.com/stock-share-price/MINAXI-TEXTILES-LTD./MINAXI/531456
CONTICON,https://www.bseindia.com/stock-share-price/CONTINENTAL-CONTROLS-LTD./CONTICON/531460
NOUVEAU,https://www.bseindia.com/stock-share-price/NOUVEAU-GLOBAL-VENTURES-LTD./NOUVEAU/531465
DUKEOFS,https://www.bseindia.com/stock-share-price/DUKE-OFFSHORE-LTD./DUKEOFS/531471
CYBELEIND,https://www.bseindia.com/stock-share-price/CYBELE-INDUSTRIES-LTD./CYBELEIND/531472
CGVAK,https://www.bseindia.com/stock-share-price/CG-VAK-SOFTWARE-&-EXPORTS-LTD./CGVAK/531489
NAVKAR,https://www.bseindia.com/stock-share-price/Navkar-Urbanstructure-Ltd/NAVKAR/531494
OMKAR,https://www.bseindia.com/stock-share-price/OMKAR-OVERSEAS-LTD./OMKAR/531496
MADHUCON,https://www.bseindia.com/stock-share-price/MADHUCON-PROJECTS-LTD.-$/MADHUCON/531497
SYBLY,https://www.bseindia.com/stock-share-price/SYBLY-INDUSTRIES-LTD.-$/SYBLY/531499
RAJESHEXPO,https://www.bseindia.com/stock-share-price/RAJESH-EXPORTS-LTD./RAJESHEXPO/531500
ESARIND,https://www.bseindia.com/stock-share-price/ESAAR-(INDIA)-LTD./ESARIND/531502
MARIS,https://www.bseindia.com/stock-share-price/MARIS-SPINNERS-LTD.-$/MARIS/531503
SKRABUL,https://www.bseindia.com/stock-share-price/SHUKRA-BULLIONS-LTD./SKRABUL/531506
EVEREADY,https://www.bseindia.com/stock-share-price/EVEREADY-INDUSTRIES-INDIA-LTD./EVEREADY/531508
STEP2COR,https://www.bseindia.com/stock-share-price/STEP-TWO-CORPORATION-LTD./STEP2COR/531509
ORIENTTR,https://www.bseindia.com/stock-share-price/ORIENT-TRADELINK-LTD./ORIENTTR/531512
VIKASPROP,https://www.bseindia.com/stock-share-price/Vikas-Proppant-&-Granite-Ltd/VIKASPROP/531518
DESHRAK,https://www.bseindia.com/stock-share-price/DESH-RAKSHAK-AUSHDHALAYA-LTD./DESHRAK/531521
ACESOFT,https://www.bseindia.com/stock-share-price/ACE-SOFTWARE-EXPORTS-LTD.-$/ACESOFT/531525
HATSUN,https://www.bseindia.com/stock-share-price/HATSUN-AGRO-PRODUCT-LTD./HATSUN/531531
ECOM,https://www.bseindia.com/stock-share-price/E.COM-INFOTECH-(I)-LTD./ECOM/531533
RISHDIGA,https://www.bseindia.com/stock-share-price/RISHABH-DIGHA-STEEL-&-ALLIED-PRODUCTS-LTD.-$/RISHDIGA/531539
MAINFRA,https://www.bseindia.com/stock-share-price/MARUTI-INFRASTRUCTURE-LTD./MAINFRA/531540
KOBO,https://www.bseindia.com/stock-share-price/Kobo-Biotech-Ltd-$/KOBO/531541
JINDWORLD,https://www.bseindia.com/stock-share-price/JINDAL-WORLDWIDE-LTD./JINDWORLD/531543
SOMANYCERA,https://www.bseindia.com/stock-share-price/SOMANY-CERAMICS-LTD./SOMANYCERA/531548
JHACC,https://www.bseindia.com/stock-share-price/JHAVERI-CREDITS-&-CAPITAL-LTD./JHACC/531550
RAGHUTOB,https://www.bseindia.com/stock-share-price/RAGHUNATH-TOBACCO-CO.LTD./RAGHUTOB/531552
DRL,https://www.bseindia.com/stock-share-price/Disha-Resources-Ltd/DRL/531553
CORALFINAC,https://www.bseindia.com/stock-share-price/CORAL-INDIA-FINANCE-&-HOUSING-LTD./CORALFINAC/531556
ASHUTPM,https://www.bseindia.com/stock-share-price/ASHUTOSH-PAPER-MILLS-LTD./ASHUTPM/531568
SANJIVIN,https://www.bseindia.com/stock-share-price/SANJIVANI-PARANTERAL-LTD./SANJIVIN/531569
VASINFRA,https://www.bseindia.com/stock-share-price/VAS-INFRASTRUCTURE-LTD./VASINFRA/531574
KMFBLDR,https://www.bseindia.com/stock-share-price/KMF-BUILDERS-&-DEVELOPERS-LTD./KMFBLDR/531578
